trip_id,route_id,service_id,trip_headsign,trip_short_name,direction_id,block_id,shape_id,wheelchair_accessible,bikes_allowed
JAK.48A-R02,JAK.48A,SH,Stasiun Tebet,Rusun Karet Tengsin - Stasiun Tebet,1,,JAK.48A-R02_shp,,
JAK.120-L03,JAK.120,SH,Term. Muara Angke dan JIS,JIS - Term. Muara Angke - JIS,0,,qr3h,,
JAK.17-R01,JAK.17,SH,Senen,Pulo Gadung - Senen,0,,JAK.17-R01_shp,,
JAK.23-L01,JAK.23,SH,Pisangan Baru dan Senen,Senen - Pisangan Baru - Senen,0,,JAK.23-L01_shp,,
JAK.85-R02,JAK.85,SH,Bintara,Cipinang Indah - Bintara,1,,JAK.85-R02_shp,,
JAK.12-R02,JAK.12,SH,Tanah Abang Via Pos Pengumben,Kebayoran Lama - Tanah Abang Via Pos Pengumben,1,,JAK.12-R02_shp,,
JAK.39-L02,JAK.39,SH,Duren Sawit dan Kalimalang,Kalimalang - Duren Sawit - Kalimalang,0,,3kul,,
JAK.107-R01,JAK.107,SH,Puri Beta,Jembatan Garden - Puri Beta,0,,ccie,,
JAK.107-R02,JAK.107,SH,Garden,Puri Beta - Jembatan Garden,1,,54p3,,
JAK.13-R02,JAK.13,SH,Tanah Abang,Kota Intan - Tanah Abang,1,,gji7,,
JAK.84-L03,JAK.84,SH,Kapin dan Kampung Melayu,Kampung Melayu - Kapin - Kampung Melayu,0,,kn9b,,
JAK.117-R06,JAK.117,SH,Tanjung Priok,Tanah Merdeka - Tanjung Priok,1,,hkpi,,
JAK.58-R01,JAK.58,SH,Rorotan,Cilincing - Rorotan,0,,JAK.58-R01_shp,,
JAK.58-R02,JAK.58,SH,Cilincing,Rorotan - Cilincing,1,,fwe0,,
JAK.28-R05,JAK.28,SH,St. LRT Harjamukti,Pasar Rebo - St. LRT Harjamukti,0,,l710,,
JAK.73-R05,JAK.73,SH,Pasar Rebo,Jambore - Pasar Rebo,0,,j64b,,
JAK.23-L02,JAK.23,SH,Pisangan Baru dan Senen via TL Pramuka,Senen - Pisangan Baru - Senen via TL Pramuka,0,,fnch,,
JAK.59-R04,JAK.59,SH,Rawa Sengon,Rawamangun - Rawa Sengon,1,,JAK.59-R04_shp,,
JAK.23-R02,JAK.23,SH,Senen,Pisangan Baru - Senen,1,,JAK.23-R02_shp,,
JAK.28-R06,JAK.28,SH,Pasar Rebo,St. LRT Harjamukti - Pasar Rebo,1,,5pmb,,
JAK.75-R01,JAK.75,SH,Kampung Pulo,Cililitan - Kampung Pulo,0,,JAK.75-R01_shp,,
JAK.20-L01,JAK.20,SH,Cawang Sentral dan Lubang Buaya,Lubang Buaya - Cawang Sentral - Lubang Buaya,0,,6x9c,,
JAK.20-R01,JAK.20,SH,Lubang Buaya,Cawang Sentral - Lubang Buaya,0,,JAK.20-R01_shp,,
JAK.50-L02,JAK.50,SH,Puri Kembangan dan Kalideres,Kalideres - Puri Kembangan - Kalideres,0,,kt1r,,
JAK.24-R01,JAK.24,SH,Senen Via Kelapa Gading,Pulo Gadung - Senen Via Kelapa Gading,0,,JAK.24-R01_shp,,
JAK.50-R05,JAK.50,SH,Kalideres,Puri Kembangan - Kalideres,1,,a9ru,,
JAK.08-L03,JAK.08,SH,Roxy dan Benhil,Benhil - Roxy - Benhil,0,,tt8q,,
JAK.34-R04,JAK.34,SH,Klender,Rawamangun - Klender,1,,v8q5,,
JAK.29-R03,JAK.29,SH,Sukapura,Tanjung Priok - Sukapura,1,,tjiw,,
JAK.93-L02,JAK.93,SH,Kebayoran Lama dan Jeruk Purut,Jeruk Purut - Kebayoran Lama - Jeruk Purut,0,,9vxp,,
JAK.29-R04,JAK.29,SH,Tanjung Priok,Sukapura - Tanjung Priok,0,,i8mc,,
JAK.03-L01,JAK.03,SH,Lebak Bulus dan Andara,Andara - Lebak Bulus - Andara,0,,y3f2,,
JAK.51-L01,JAK.51,SH,Budi Luhur dan Taman Kota,Jabon - Budi Luhur - Taman Kota - Jabon,0,,JAK.51-L01_shp,,
JAK.03-R01,JAK.03,SH,Andara,Lebak Bulus - Andara,0,,JAK.03-R01_shp,,
JAK.25-L02,JAK.25,SH,Pasar Rebo dan Kalisari,Kalisari - Pasar Rebo - Kalisari,0,,a3i6,,
JAK.25-R04,JAK.25,SH,Kalisari,Pasar Rebo - Kalisari,0,,5kyh,,
JAK.18-L01,JAK.18,SH,Kuningan dan Kalibata,Kalibata - Kuningan - Kalibata,0,,vq6g,,
JAK.21-R02,JAK.21,SH,Cililitan,Dwikora - Cililitan,1,,JAK.21-R02_shp,,
JAK.78A-L01,JAK.78A,SH,Cengkareng Timur dan Benda,Benda - Cengkareng Timur - Benda,0,,oc68,,
JAK.30-R02,JAK.30,SH,Grogol via Roxy,Meruya - Grogol via Roxy,1,,JAK.30-R02_shp,,
JAK.33-R03,JAK.33,SH,Pulo Gadung,Kota - Pulo Gadung,1,,aipr,,
JAK.37-R03,JAK.37,SH,Cililitan via Kayu Manis,Condet - Cililitan via Kayu Manis,1,,cczv,,
JAK.98-R01,JAK.98,SH,Munjul,Term. Kampung Rambutan - Munjul,0,,JAK.98-R01_shp,,
JAK.98-R02,JAK.98,SH,Term. Kampung Rambutan,Munjul - Term. Kampung Rambutan,1,,JAK.98-R02_shp,,
JAK.112-R02,JAK.112,SH,Tanah Merah,Pulo Gadung - Tanah Merah,1,,JAK.112-R02_shp,,
JAK.102-L01,JAK.102,SH,Lebak Bulus dan Blok M,Blok M - Lebak Bulus - Blok M,0,,j1b3,,
JAK.102-R02,JAK.102,SH,Blok M,Lebak Bulus - Blok M,1,,JAK.102-R02_shp,,
JAK.15-R04,JAK.15,SH,Rusun Marunda,Tanjung Priok - Rusun Marunda,1,,JAK.15-R04_shp,,
JAK.35-R03,JAK.35,SH,Pangkalan Jati,Rawamangun - Pangkalan Jati,1,,axj5,,
JAK.35-R05,JAK.35,SH,Rawamangun,Pangkalan Jati - Rawamangun,0,,0vw4,,
JAK.31-R02,JAK.31,SH,Blok M,Andara - Blok M,1,,JAK.31-R02_shp,,
JAK.51-R03,JAK.51,SH,Taman Kota dan Jabon,Budi Luhur - Taman Kota - Jabon,0,,xkzw,,
JAK.34-R03,JAK.34,SH,Rawamangun,Klender - Rawamangun,0,,312b,,
JAK.79-L01,JAK.79,SH,Tubagus Angke dan Cengkareng,Cengkareng - Tubagus Angke - Cengkareng,0,,fspx,,
JAK.48A-L02,JAK.48A,SH,TPU Karet Bivak dan St. Tebet,St. Tebet - TPU Karet Bivak - St. Tebet,0,,70hu,,
JAK.60-L02,JAK.60,SH,Rusun Kemayoran dan Kelapa Gading,Kelapa Gading - Rusun Kemayoran - Kelapa Gading,0,,j5ie,,
JAK.42-L02,JAK.42,SH,Kampung Melayu dan Pondok Kelapa,Pondok Kelapa - Kampung Melayu - Pondok Kelapa,0,,d6h3,,
JAK.22-L02,JAK.22,SH,Halim dan Dwikora,Dwikora - Halim - Dwikora,0,,oynz,,
JAK.33-L01,JAK.33,SH,Kota dan Pulo Gadung,Pulo Gadung - Kota - Pulo Gadung,0,,8xhv,,
JAK.47-R05,JAK.47,SH,Ciganjur,Term. Pasar Minggu - Ciganjur,1,,6dpz,,
JAK.42-R03,JAK.42,SH,Pondok Melayu,Kampung Melayu - Pondok Melayu,0,,rcxt,,
JAK.88-L02,JAK.88,SH,Ancol Barat dan Tanjung Priok,Tanjung Priok - Ancol Barat - Tanjung Priok,0,,2z7l,,
JAK.01-R02,JAK.01,SH,Tanjung Priok,Plumpang - Tanjung Priok,1,,JAK.01-R02_shp,,
JAK.06-R02,JAK.06,SH,Pondok Gede,Kampung Rambutan - Pondok Gede,1,,JAK.06-R02_shp,,
JAK.07-R02,JAK.07,SH,Tanah Abang Via Tawakal,Grogol - Tanah Abang Via Tawakal,1,,JAK.07-R02_shp,,
JAK.34-L02,JAK.34,SH,Rawamangun dan Klender,Klender - Rawamangun - Klender,0,,ssfe,,
JAK.51-L02,JAK.51,SH,Taman Kota dan Budi Luhur,Jabon - Taman Kota - Budi Luhur - Jabon,0,,JAK.51-L02_shp,,
JAK.115-R02,JAK.115,SH,Term. Tj. Priok,Pegangsaan II IGI - Term. Tj. Priok,1,,JAK.115-R04_shp,,
JAK.110A-R02,JAK.110A,SH,Rusun Marunda,Terminal Terpadu Pulo Gebang - Rusun Marunda,1,,JAK.110A-R02_shp,,
JAK.115-R01,JAK.115,SH,Pegangsaan II IGI,Term. Tj. Priok - Pegangsaan II IGI,0,,JAK.115-R01_shp,,
JAK.15-R05,JAK.15,SH,Tanjung Priok,Rusun Marunda - Tanjung Priok,0,,JAK.15-R05_shp,,
JAK.10-R01,JAK.10,SH,Kota,Tanah Abang - Kota,0,,JAK.10-R01_shp,,
JAK.11-R01,JAK.11,SH,Kebayoran Lama,Tanah Abang - Kebayoran Lama,0,,JAK.11-R01_shp,,
JAK.89-R02,JAK.89,SH,Terminal Tanjung Priok,Taman Kota Intan - Terminal Tanjung Priok,1,,JAK.89-R02_shp,,
JAK.33-R04,JAK.33,SH,Kota,Pulo Gadung - Kota,0,,JAK.33-R04_shp,,
JAK.89-L01,JAK.89,SH,Taman Kota Intan dan Terminal Tanjung Priok,Terminal Tanjung Priok - Taman Kota Intan - Terminal Tanjung Priok,0,,y3ek,,
JAK.117-R05,JAK.117,SH,Tanah Merdeka,Tanjung Priok - Tanah Merdeka,0,,v7nf,,
JAK.11-R02,JAK.11,SH,Tanah Abang,Kebayoran Lama - Tanah Abang,1,,JAK.11-R02_shp,,
JAK.19-R02,JAK.19,SH,Pinang Ranti,Kampung Rambutan - Pinang Ranti,1,,JAK.19-R02_shp,,
JAK.16-R02,JAK.16,SH,Cililitan,Condet - Cililitan,1,,JAK.16-R02_shp,,
JAK.19-R01,JAK.19,SH,Kampung Rambutan,Pinang Ranti - Kampung Rambutan,0,,JAK.19-R01_shp,,
JAK.27-R02,JAK.27,SH,Pulo Gebang,Rorotan - Pulo Gebang,1,,JAK.27-R02_shp,,
JAK.14-R01,JAK.14,SH,Meruya,Tanah Abang - Meruya,0,,JAK.14-R01_shp,,
JAK.04-R02,JAK.04,SH,Tubagus Angke,Grogol - Tubagus Angke,1,,JAK.04-R02_shp,,
JAK.04-L01,JAK.04,SH,Tubagus Angke dan Grogol,Grogol - Tubagus Angke - Grogol,0,,bwt1,,
JAK.112-R01,JAK.112,SH,Pulo Gadung,Tanah Merah - Pulo Gadung,0,,JAK.112-R01_shp,,
JAK.12-R01,JAK.12,SH,Kebayoran Lama Via Pos Pengumben,Tanah Abang - Kebayoran Lama Via Pos Pengumben,0,,JAK.12-R01_shp,,
JAK.36-R04,JAK.36,SH,Cilangkap,Cililitan - Cilangkap,1,,JAK.36-R04_shp,,
JAK.40-L04,JAK.40,SH,Harapan Baru dan Pulo Gebang,Pulo Gebang - Harapan Baru - Pulo Gebang,0,,oqsq,,
JAK.44-L01,JAK.44,SH,Stasiun Univ. Pancasila dan Andara,Andara - Stasiun Univ. Pancasila - Andara,0,,lthf,,
JAK.40-R03,JAK.40,SH,Pulo Gebang via Rawa Kuning,Harapan Baru - Pulo Gebang via Rawa Kuning,0,,JAK.40-R03_shp,,
JAK.30-R01,JAK.30,SH,Meruya Via Roxy,Grogol - Meruya Via Roxy,0,,JAK.30-R01_shp,,
JAK.40-L03,JAK.40,SH,Pulo Gebang dan Harapan Baru via Rawa Kuning,Harapan Baru - Pulo Gebang - Harapan Baru via Rawa Kuning,0,,qf2t,,
JAK.32-R02,JAK.32,SH,Lebak Bulus,Petukangan - Lebak Bulus,1,,JAK.32-R02_shp,,
JAK.32-R01,JAK.32,SH,Petukangan,Lebak Bulus - Petukangan,0,,JAK.32-R01_shp,,
JAK.47-R06,JAK.47,SH,Term. Pasar Minggu,Ciganjur - Term. Pasar Minggu,0,,nfu4,,
JAK.35-L02,JAK.35,SH,Rawamangun dan Pangkalan Jati,Pangkalan Jati - Rawamangun - Pangkalan Jati,0,,ad2n,,
JAK.38-R02,JAK.38,SH,Bulak Ringin,Kampung Rambutan - Bulak Ringin,1,,JAK.38-R02_shp,,
JAK.41-R01,JAK.41,SH,Pulo Gadung,Kampung Melayu - Pulo Gadung,0,,JAK.41-R01_shp,,
JAK.41-R02,JAK.41,SH,Kampung Melayu,Pulo Gadung - Kampung Melayu,1,,JAK.41-R02_shp,,
JAK.37-R01,JAK.37,SH,Condet Via Kayu Manis,Cililitan - Condet Via Kayu Manis,0,,JAK.37-R01_shp,,
JAK.36-R03,JAK.36,SH,Cililitan,Cilangkap - Cililitan,0,,JAK.36-R03_shp,,
JAK.59-R03,JAK.59,SH,Rawamangun,Rawa Sengon - Rawamangun,0,,JAK.59-R03_shp,,
JAK.13-L01,JAK.13,SH,Tanah Abang dan Kota Intan,Kota Intan - Tanah Abang - Kota Intan,0,,v04x,,
JAK.13-L02,JAK.13,SH,Grogol dan Tanah Abang,Tanah Abang - Grogol - Tanah Abang,0,,3x16,,
JAK.13-R01,JAK.13,SH,Kota Intan,Tanah Abang - Kota Intan,0,,wk9c,,
JAK.48A-R01,JAK.48A,SH,Rusun Karet Tengsin,Stasiun Tebet - Rusun Karet Tengsin,0,,JAK.48A-R01_shp,,
JAK.75-R03,JAK.75,SH,Cililitan,Kampung Pulo - Cililitan,1,,JAK.75-R03_shp,,
JAK.39-L01,JAK.39,SH,Duren Sawit dan Kalimalang,Kalimalang - Duren Sawit - Kalimalang,0,,cq1b,,
JAK.56-L02,JAK.56,SH,Srengseng dan Grogol,Grogol - Srengseng - Grogol,0,,v3uw,,
JAK.71-R01,JAK.71,SH,Pinang Ranti,Kampung Rambutan - Pinang Ranti,0,,JAK.71-R01_shp,,
JAK.71-R02,JAK.71,SH,Kampung Rambutan,Pinang Ranti - Kampung Rambutan,1,,JAK.71-R02_shp,,
JAK.87-R02,JAK.87,SH,Term. Tanjung Priok,Term. Rawamangun - Term. Tanjung Priok,1,,JAK.87-R02_shp,,
JAK.76-R02,JAK.76,SH,Jln. Industri Raya,ASMI - Jln. Industri Raya,1,,JAK.76-R02_shp,,
JAK.99-R02,JAK.99,SH,Term. Pulo Gadung,Lampiri - Term. Pulo Gadung,1,,JAK.99-R02_shp,,
JAK.72-R02,JAK.72,SH,Kampung Rambutan Via Poncol,Pasar Rebo - Kampung Rambutan Via Poncol,1,,JAK.72-R02_shp,,
JAK.80-R01,JAK.80,SH,Rawa Kompeni,Rawa Buaya - Rawa Kompeni,0,,JAK.80-R01_shp,,
JAK.72-R01,JAK.72,SH,Pasar Rebo Via Poncol,Kampung Rambutan - Pasar Rebo Via Poncol,0,,JAK.72-R01_shp,,
JAK.99-R01,JAK.99,SH,Lampiri,Term. Pulo Gadung - Lampiri,0,,JAK.99-R01_shp,,
JAK.54-L01,JAK.54,SH,Bendungan Hilir dan Grogol,Grogol - Bendungan Hilir - Grogol,0,,u5v5,,
JAK.90-R01,JAK.90,SH,Rusun Kemayoran,Terminal Tanjung Priok - Rusun Kemayoran,0,,JAK.90-R01_shp,,
JAK.87-R01,JAK.87,SH,Term. Rawamangun,Term. Tanjung Priok - Term. Rawamangun,0,,JAK.87-R01_shp,,
JAK.76-R01,JAK.76,SH,ASMI,Jln. Industri Raya - ASMI,0,,JAK.76-R01_shp,,
JAK.74-L01,JAK.74,SH,Rawamangun dan Cipinang Muara,Cipinang Muara - Rawamangun - Cipinang Muara,0,,um65,,
JAK.106-R05,JAK.106,SH,Term. Klender,Term. Kampung Melayu - Term. Klender,1,,1yv6,,
JAK.54-R01,JAK.54,SH,Grogol,Benhil - Grogol,0,,JAK.54-R01_shp,,
JAK.01-L01,JAK.01,SH,Plumpang dan Tanjung Priok,Tanjung Priok - Plumpang - Tanjung Priok,0,,b98y,,
JAK.113-R04,JAK.113,SH,Tanah Merdeka via Permai Koja,Kampung Sawah - Tanah Merdeka via Permai Koja,1,,xopa,,
JAK.118-L02,JAK.118,SH,Kota Tua dan Taman Waduk Papanggo,Taman Waduk Papanggo - Kota Tua - Taman Waduk Papanggo,0,,ocnh,,
JAK.45-R02,JAK.45,SH,Lebak Bulus,Ragunan - Lebak Bulus,1,,JAK.45-R02_shp,,
JAK.31-R01,JAK.31,SH,Andara,Blok M - Andara,0,,JAK.31-R01_shp,,
JAK.32-L01,JAK.32,SH,Lebak Bulus dan Petukangan,Petukangan - Lebak Bulus - Petukangan,0,,8hlp,,
JAK.61-L02,JAK.61,SH,Cempaka Putih dan Pulo Gadung,Pulo Gadung - Cempaka Putih - Pulo Gadung,0,,41po,,
JAK.46-R08,JAK.46,SH,Pasar Minggu,Jagakarsa - Pasar Minggu,0,,lny7,,
JAK.46-R07,JAK.46,SH,Jagakarsa,Pasar Minggu - Jagakarsa,1,,ieji,,
JAK.49-R07,JAK.49,SH,Cipulir,Lebak Bulus - Cipulir,1,,qspu,,
JAK.64-L01,JAK.64,SH,Lenteng Agung dan Aseli,Aseli - Lenteng Agung - Aseli,0,,l2h0,,
JAK.88-R02,JAK.88,SH,Term. Tanjung Priok,Ancol Barat - Terminal Tanjung Priok,1,,JAK.88-R02_shp,,
JAK.42-R04,JAK.42,SH,Kampung Melayu,Pondok Kelapa - Kampung Melayu,1,,fmyj,,
JAK.38-R01,JAK.38,SH,Kampung Rambutan,Bulak Ringin - Kampung Rambutan,0,,JAK.38-R01_shp,,
JAK.05-R01,JAK.05,SH,Rorotan,Semper - Rorotan,1,,h3c0,,
JAK.05-R02,JAK.05,SH,Semper,Rorotan - Semper,0,,254y,,
JAK.16-R01,JAK.16,SH,Condet,Cililitan - Condet,0,,JAK.16-R01_shp,,
JAK.05-L01,JAK.05,SH,Semper dan Rorotan,Rorotan - Semper - Rorotan,0,,x0tx,,
JAK.52-R06,JAK.52,SH,Terminal Muara Angke,Terminal Kalideres - Terminal Muara Angke,0,,JAK.52-R06_shp,,
JAK.52-R07,JAK.52,SH,Terminal Kalideres,Terminal Muara Angke - Terminal Kalideres,1,,JAK.52-R07_shp,,
JAK.56-R04,JAK.56,SH,Srengseng,Grogol - Srengseng,0,,a59h,,
JAK.77-R02,JAK.77,SH,Jembatan Item,Tanjung Priok - Jembatan Item,1,,JAK.77-R02_shp,,
JAK.16-L01,JAK.16,SH,Cililitan dan Condet,Condet - Cililitan - Condet,1,,q9hz,,
JAK.84-R06,JAK.84,SH,Kampung Melayu,Kapin - Kampung Melayu,1,,vn41,,
JAK.14-R02,JAK.14,SH,Tanah Abang,Meruya - Tanah Abang,1,,JAK.14-R02_shp,,
JAK.07-R01,JAK.07,SH,Grogol Via Tawakal,Tanah Abang - Grogol Via Tawakal,0,,JAK.07-R01_shp,,
JAK.12-L03,JAK.12,SH,Petamburan dan Kebayoran Lama,Kebayoran Lama - Petamburan - Kebayoran Lama,0,,0ch8,,
JAK.90-L01,JAK.90,SH,Rusun Kemayoran dan Term. Tanjung Priok,Term. Tanjung Priok - Rusun Kemayoran - Term. Tanjung Priok,0,,9a4c,,
JAK.87-L01,JAK.87,SH,Term. Tanjung Priok dan Term. Rawamangun,Term. Rawamangun - Term. Tanjung Priok - Term. Rawamangun,1,,xiv8,,
JAK.11-L02,JAK.11,SH,Rawa Belong dan Tanah Abang,Tanah Abang - Rawa Belong - Tanah Abang,0,,f2sa,,
JAK.11-L03,JAK.11,SH,Palmerah dan Kebayoran Lama,Kebayoran Lama - Palmerah - Kebayoran Lama,0,,8fyt,,
JAK.49-R06,JAK.49,SH,Lebak Bulus,Cipulir - Lebak Bulus,0,,JAK.49-R06_shp,,
JAK.50-R02,JAK.50,SH,Kalideres,Puri Kembangan - Kalideres,1,,xdn5,,
JAK.73-R06,JAK.73,SH,Jambore,Pasar Rebo - Jambore,1,,1cfx,,
JAK.49-L03,JAK.49,SH,Cipulir dan Lebak Bulus,Lebak Bulus - Cipulir - Lebak Bulus,0,,16fp,,
JAK.12-L01,JAK.12,SH,Tanah Abang dan Kebayoran Lama,Kebayoran Lama - Tanah Abang - Kebayoran Lama,0,,cgmm,,
JAK.12-L02,JAK.12,SH,Simprug dan Tanah Abang,Tanah Abang - Simprug - Tanah Abang,0,,xqt4,,
JAK.14-L01,JAK.14,SH,Tanah Abang dan Meruya,Meruya - Tanah Abang - Meruya,0,,i2aw,,
JAK.14-L02,JAK.14,SH,Kebon Jeruk dan Tanah Abang,Tanah Abang - Kebon Jeruk - Tanah Abang,0,,eg3h,,
JAK.100-L03,JAK.100,SH,Rusun Pinus Elok dan Term. Pulo Gebang,Term. Pulo Gebang - Rusun Pinus Elok - Term. Pulo Gebang,0,,416g,,
JAK.07-L01,JAK.07,SH,Tanah Abang dan Grogol via Tawakal,Grogol - Tanah Abang - Grogol via Tawakal,0,,rtkf,,
JAK.100-R05,JAK.100,SH,Term. Pulogebang,Rusun Pinus Elok - Term. Pulogebang,1,,gjxt,,
JAK.110A-R01,JAK.110A,SH,Terminal Pulo Gebang,Rusun Marunda - Terminal Terpadu Pulo Gebang,0,,JAK.110A-R01_shp,,
JAK.99-L01,JAK.99,SH,Lampiri dan Term. Pulo Gadung,Term. Pulo Gadung - Lampiri - Term. Pulo Gadung,0,,x9n2,,
JAK.106-R04,JAK.106,SH,Term. Kampung Melayu,Term. Klender - Term. Kampung Melayu,0,,p58p,,
JAK.77-R01,JAK.77,SH,Tanjung Priok,Jembatan Item - Tanjung Priok,0,,JAK.77-R01_shp,,
JAK.10-L02,JAK.10,SH,Juanda dan Tanah Abang,Tanah Abang - Juanda - Tanah Abang,0,,JAK.10-L02_shp,,
JAK.85-L01,JAK.85,SH,Cipinang Indah dan Bintara,Bintara - Cipinang Indah - Bintara,0,,2gvz,,
JAK.10-L01,JAK.10,SH,Kota dan Tanah Abang,Tanah Abang - Kota - Tanah Abang,0,,ksy4,,
JAK.86-L01,JAK.86,SH,Term. Manggarai dan Term. Rawamangun,Term. Rawamangun - Term. Manggarai - Term. Rawamangun,0,,esqa,,
JAK.80-R03,JAK.80,SH,Rawa Buaya,Rawa Kompeni - Rawa Buaya,1,,nicg,,
JAK.09-L02,JAK.09,SH,Karet dan Tanah Abang,Tanah Abang - Karet - Tanah Abang,0,,2l3d,,
JAK.11-L01,JAK.11,SH,Kebayoran Lama dan Tanah Abang,Tanah Abang - Kebayoran Lama - Tanah Abang,0,,c2aq,,
JAK.43C-L01,JAK.43C,SH,St. Cawang dan Sarana Jaya via TEP,Sarana Jaya - St. Cawang - Sarana Jaya via TEP,0,,ajvk,,
JAK.06-R01,JAK.06,SH,Kampung Rambutan,Pondok Gede - Kampung Rambutan,0,,JAK.06-R01_shp,,
JAK.108-L01,JAK.108,SH,Kramat Jati dan Bambu Apus,Bambu Apus - Kramat Jati - Bambu Apus,0,,JAK.108-L01_shp,,
JAK.85-L02,JAK.85,SH,Cipinang Muara dan Bintara,Bintara - Cipinang Muara - Bintara,0,,msle,,
JAK.08-R03,JAK.08,SH,Tanah Abang via Benhil,Roxy - Tanah Abang via Benhil,0,,s7zo,,
JAK.14-L03,JAK.14,SH,Palmerah dan Meruya,Meruya - Palmerah - Meruya,0,,4kaq,,
JAK.108-L02,JAK.108,SH,Kramat Jati dan Bambu Apus,Bambu Apus - Kramat Jati - Bambu Apus,0,,JAK.108-L02_shp,,
JAK.10-R02,JAK.10,SH,Tanah Abang,Kota - Tanah Abang,1,,JAK.10-R02_shp,,
JAK.09-L01,JAK.09,SH,Roxy dan Tanah Abang,Tanah Abang - Roxy - Tanah Abang,0,,JAK.09-L01_shp,,
JAK.27-R01,JAK.27,SH,Rorotan,Pulo Gebang - Rorotan,0,,JAK.27-R01_shp,,
JAK.27-L01,JAK.27,SH,Rorotan dan Pulogebang,Pulogebang - Rorotan - Pulogebang,0,,2o29,,
JAK.106-L03,JAK.106,SH,Term. Kampung Melayu dan Term. Klender,Term. Klender - Term. Kampung Melayu - Term. Klender,0,,zvu7,,
JAK.110A-L01,JAK.110A,SH,Term. Pulo Gebang dan Rusun Marunda,Rusun Marunda - Term. Pulo Gebang - Rusun Marunda,0,,yn04,,
JAK.112-L01,JAK.112,SH,Tanah Merah dan Pulo Gadung,Pulo Gadung - Tanah Merah - Pulo Gadung,0,,9hnv,,
JAK.115-L01,JAK.115,SH,Terminal Tj. Priok dan Pegangsaan II IGI,Pegangsaan II IGI - Terminal Tj. Priok - Pegangsaan II IGI,0,,JAK.115-L01_shp,,
JAK.45-L01,JAK.45,SH,Lebak Bulus dan Ragunan,Ragunan - Lebak Bulus - Ragunan,0,,7mjq,,
JAK.37-L01,JAK.37,SH,Cililitan dan Condet,Condet - Cililitan - Condet,1,,ac73,,
JAK.48A-L01,JAK.48A,SH,Rusun Karet Tengsin dan St. Tebet,St. Tebet - Rusun Karet Tengsin - St. Tebet,0,,ecgy,,
JAK.36-L02,JAK.36,SH,Cililitan dan Cilangkap,Cilangkap - Cililitan - Cilangkap,0,,mndf,,
JAK.113-L02,JAK.113,SH,Kampung Sawah dan Tanah Merdeka via Permai Koja,Tanah Merdeka - Kampung Sawah - Tanah Merdeka via Permai Koja,0,,hzla,,
JAK.10A-L01,JAK.10A,SH,Cikini dan Gondangdia via Salemba Raya,Gondangdia - Cikini - Gondangdia via Salemba Raya,0,,JAK.10A-L01_shp,,
JAK.10A-R02,JAK.10A,SH,Gondangdia via Salemba,Cikini - Gondangdia via Salemba,1,,JAK.10A-R02_shp,,
JAK.10B-L01,JAK.10B,SH,Cikini via Kramat dan Gondangdia,Gondangdia - Cikini via Kramat - Gondangdia,0,,JAK.10B-L01_shp,,
JAK.76-L01,JAK.76,SH,Jln. Industri Raya dan ASMI,ASMI - Jln. Industri Raya - ASMI,0,,peks,,
JAK.24-R02,JAK.24,SH,Pulo Gadung Via Kelapa Gading,Senen - Pulo Gadung Via Kelapa Gading,1,,JAK.24-R02_shp,,
JAK.95-R01,JAK.95,SH,Term. Pasar Minggu,Term. Lebak Bulus - Term. Pasar Minggu,0,,JAK.95-R01_shp,,
JAK.21-R01,JAK.21,SH,Dwikora,Cililitan - Dwikora,0,,JAK.21-R01_shp,,
JAK.95-R03,JAK.95,SH,Term. Lebak Bulus via Jln. Pejaten Raya,Term. Pasar Minggu - Term. Lebak Bulus via Jln. Pejaten Raya,1,,JAK.95-R03_shp,,
JAK.95-L02,JAK.95,SH,Term. Lebak Bulus dan Term. Pasar Minggu,Term. Pasar Minggu - Term. Lebak Bulus - Term. Pasar Minggu,1,,6pwl,,
JAK.95-L03,JAK.95,SH,Term. Lebak Bulus dan Term. Pasar Minggu,Term. Pasar Minggu - Term. Lebak Bulus - Term. Pasar Minggu,0,,2j62,,
JAK.43B-L01,JAK.43B,SH,Cililitan dan Tongtek,Tongtek - Cililitan - Tongtek,0,,qou1,,
JAK.43B-L02,JAK.43B,SH,Cililitan dan Tongtek via Cawang Kompor,Tongtek - Cililitan - Tongtek via Cawang Kompor,0,,s4fe,,
JAK.43B-R02,JAK.43B,SH,Tebet Eco Park (TEP) dan Tongtek,Cililitan - Tebet Eco Park (TEP) - Tongtek,1,,JAK.43B-R02_shp,,
JAK.93-R04,JAK.93,SH,Jeruk Purut,Kebayoran Lama - Jeruk Purut,1,,qair,,
JAK.17-L01,JAK.17,SH,Senen dan Pulo Gadung,Pulo Gadung - Senen - Pulo Gadung,0,,mabb,,
JAK.17-R02,JAK.17,SH,Pulo Gadung,Senen - Pulo Gadung,1,,JAK.17-R02_shp,,
JAK.26-L01,JAK.26,SH,Duren Sawit dan Rawamangun,Rawamangun - Duren Sawit - Rawamangun,0,,ms3s,,
JAK.26-R01,JAK.26,SH,Rawamangun,Duren Sawit - Rawamangun,0,,JAK.26-R01_shp,,
JAK.02-L01,JAK.02,SH,Duren Sawit dan Kampung Melayu,Kampung Melayu - Duren Sawit - Kampung Melayu,0,,c66k,,
JAK.02-R02,JAK.02,SH,Kampung Melayu,Duren Sawit - Kampung Melayu,1,,y52i,,
JAK.84-R05,JAK.84,SH,Kapin,Kampung Melayu - Kapin,0,,9pew,,
JAK.105-R02,JAK.105,SH,Stasiun Tebet,Rusun Cipinang Muara - Stasiun Tebet,1,,JAK.105-R02_shp,,
JAK.105-R01,JAK.105,SH,Rusun Cipinang Muara,Stasiun Tebet - Rusun Cipinang Muara,0,,JAK.105-R01_shp,,
JAK.105-L01,JAK.105,SH,Rusun Cipinang Muara dan St. Tebet,St. Tebet - Rusun Cipinang Muara - St. Tebet,0,,c7x2,,
JAK.20-P01,JAK.20,HK,BKKBN dan Cawang Sentral 1 Polypaint,Cawang Sentral 1 Polypaint - BKKBN - Cawang Sentral 1 Polypaint,0,,b21k,,
JAK.53-L03,JAK.53,SH,Pos Pengumben dan Grogol,Grogol - Pos Pengumben - Grogol,0,,mjlb,,
JAK.78B-L03,JAK.78B,SH,Teluk Gong dan Jembatan Tiga,Jembatan Tiga - Teluk Gong - Jembatan Tiga,0,,0vdz,,
