trip_id , route_id, service_id, trip_headsign                                , trip_short_name                                                     , direction_id, block_id, shape_id    , wheelchair_accessible, bikes_allowed
6D-L02  , 6D      , SH        , Bundaran Senayan dan Stasiun Tebet           , Stasiun Tebet - Bundaran Senayan - Stasiun Tebet                    ,            0,         , 6D-L02_shp  ,                      , 
6A-L03  , 6A      , SH        , Tosari dan Ragunan via Semanggi              , Ragunan - Tosari - Ragunan via Semanggi                             ,            0,         , 6A-L03_shp  ,                      , 
8-P26   , 8       , SH        , Pasar Baru                                   , Damai - Pasar Baru                                                  ,            1,         , fbqv        ,                      , 
8D-R01  , 8D      , SH        , Joglo                                        , Blok M - Joglo                                                      ,            0,         , 8D-R01_shp  ,                      , 
S21-R06 , S21     , SH        , Ciputat                                      , CSW - Ciputat                                                       ,            1,         , 6tw6        ,                      , 
1P-R03  , 1P      , SH        , Blok M                                       , Senen - Blok M                                                      ,            0,         , 1P-R03_shp  ,                      , 
5C-R09  , 5C      , SH        , Juanda                                       , Cililitan - Juanda                                                  ,            0,         , 5C-R09_shp  ,                      , 
S12-L04 , S12     , HK        , Fatmawati dan Term. BSD                      , Terminal BSD - Fatmawati - Terminal BSD                             ,            0,         , S12-L04_shp ,                      , 
T21-R01 , T21     , SH        , Petamburan                                   , Banjar Wijaya - Petamburan                                          ,            0,         , T21-R01_shp ,                      , 
T21-R02 , T21     , SH        , Taman Banjar Wijaya                          , Petamburan - Taman Banjar Wijaya                                    ,            1,         , T21-R02_shp ,                      , 
2P-L03  , 2P      , SH        , Transport Hub Dukuh Atas dan Senen           , Senen - Transport Hub Dukuh Atas - Senen                            ,            0,         , 3afh        ,                      , 
5C-P10  , 5C      , SH        , Juanda                                       , Kampung Melayu - Juanda                                             ,            0,         , cxzc        ,                      , 
5C-P09  , 5C      , SH        , Kampung Melayu                               , Juanda - Kampung Melayu                                             ,            1,         , mkgd        ,                      , 
T31-R03 , T31     , SH        , Blok M                                       , PIK 2 - Blok M                                                      ,            0,         , l96w        ,                      , 
S11-R05 , S11     , SH        , Jelambar                                     , BSD - Jelambar                                                      ,            0,         , S11-R05_shp ,                      , 
1A-R06  , 1A      , SH        , Balai Kota via Tol Ir. Sedyatmo              , Pantai Maju - Balai Kota via Tol Ir. Sedyatmo                       ,            0,         , 1A-R06_shp  ,                      , 
12B-R03 , 12B     , SH        , Senen                                        , Pluit - Senen                                                       ,            0,         , 12B-R03_shp ,                      , 
11M-L02 , 11M     , SH        , Bukit Duri dan Rusun Rawa Bebek              , Rusun Rawa Bebek - Bukit Duri - Rusun Rawa Bebek                    ,            0,         , vamo        ,                      , 
3B-R05  , 3B      , SH        , Cengkareng                                   , Rusun Flamboyan - Cengkareng                                        ,            0,         , pmzw        ,                      , 
B14-R01 , B14     , HK        , Kuningan                                     , Bekasi Barat - Kuningan                                             ,            0,         , B14-R01_shp ,                      , 
3-L07   , 3       , SH        , Rawa Buaya dan Monas                         , Monas - Rawa Buaya - Monas                                          ,            0,         , mbrj        ,                      , 
1P-R05  , 1P      , SH        , Blok M                                       , Senen - Blok M                                                      ,            0,         , 387b        ,                      , 
6P-L01  , 6P      , HK        , Kuningan dan Cibubur                         , Cibubur - Kuningan - Cibubur                                        ,            0,         , 6P-L01_shp  ,                      , 
6P-R01  , 6P      , HK        , Kuningan                                     , Cibubur - Kuningan                                                  ,            0,         , 6P-R01_shp  ,                      , 
7R-R01  , 7R      , HK        , Pluit                                        , Cibubur - Pluit                                                     ,            0,         , 7R-R01_shp  ,                      , 
1C-R01  , 1C      , SH        , Blok M                                       , Pesanggrahan - Blok M                                               ,            0,         , 1C-R01_shp  ,                      , 
6M-R02  , 6M      , SH        , Stasiun Manggarai                            , Blok M - Stasiun Manggarai                                          ,            1,         , 6M-R02_shp  ,                      , 
1E-R01  , 1E      , SH        , Blok M                                       , Pondok Labu - Blok M                                                ,            0,         , 1E-R01_shp  ,                      , 
1E-R02  , 1E      , SH        , Pondok Labu                                  , Blok M - Pondok Labu                                                ,            1,         , 1E-R02_shp  ,                      , 
1K-R01  , 1K      , HK        , Blok M                                       , Cibubur - Blok M                                                    ,            0,         , 1K-R01_shp  ,                      , 
1H-R02  , 1H      , SH        , Gondangdia                                   , Tanah Abang - Gondangdia                                            ,            1,         , 1H-R02_shp  ,                      , 
6B-L03  , 6B      , SH        , Tosari dan Ragunan via Kuningan              , Ragunan - Tosari - Ragunan via Kuningan                             ,            0,         , 6B-L03_shp  ,                      , 
1K-R02  , 1K      , HK        , Cibubur                                      , Blok M - Cibubur                                                    ,            1,         , 1K-R02_shp  ,                      , 
3-R05   , 3       , SH        , Monas via Veteran                            , Kalideres - Monas via Veteran                                       ,            0,         , 3-R05_shp   ,                      , 
3-R06   , 3       , SH        , Kalideres via Veteran                        , Monas - Kalideres via Veteran                                       ,            1,         , 3-R06_shp   ,                      , 
6B-R08  , 6B      , SH        , Balai Kota via Semanggi                      , Ragunan - Balai Kota via Semanggi                                   ,            0,         , 6B-R08_shp  ,                      , 
7W-L03  , 7W      , SH        , Cawang dan St. Kereta Cepat Halim            , St. Kereta Cepat Halim - Cawang - St. Kereta Cepat Halim            ,            0,         , tw41        ,                      , 
BW9-R06 , BW9     , SH        , Kota Tua                                     , PIK - Kota Tua                                                      ,            1,         , BW9-R06_shp ,                      , 
BW9-R05 , BW9     , SH        , PIK                                          , Kota Tua - PIK                                                      ,            0,         , BW9-R05_shp ,                      , 
BW1-R01 , BW1     , SH        , Kali Besar                                   , Juanda - Kali Besar                                                 ,            0,         , dad4        ,                      , 
D11-L07 , D11     , SH        , Cawang Sental dan Depok                      , Depok - Cawang Sental - Depok                                       ,            0,         , 3z9k        ,                      , 
14-L04  , 14      , SH        , Senen dan JIS                                , JIS - Senen - JIS                                                   ,            0,         , uppm        ,                      , 
5B-L03  , 5B      , SH        , Bidara Cina dan Stasiun Tebet                , Stasiun Tebet - Bidara Cina - Stasiun Tebet                         ,            0,         , 5B-L03_shp  ,                      , 
6D-R04  , 6D      , SH        , Stasiun Tebet                                , Bundaran Senayan - Stasiun Tebet                                    ,            0,         , 6D-R04_shp  ,                      , 
D11-R10 , D11     , SH        , Depok                                        , Cawang Sentral - Depok                                              ,            1,         , rqnf        ,                      , 
2-L02   , 2       , SH        , Monas dan Pulo Gadung                        , Pulo Gadung - Monas - Pulo Gadung                                   ,            0,         , 2-L02_shp   ,                      , 
2Q-R02  , 2Q      , SH        , Gondangdia                                   , Balai Kota - Gondangdia                                             ,            1,         , 2Q-R02_shp  ,                      , 
2-R04   , 2       , SH        , Pulo Gadung                                  , Monas - Pulo Gadung                                                 ,            1,         , 2-R04_shp   ,                      , 
2Q-R01  , 2Q      , SH        , Balai Kota                                   , Gondangdia - Balai Kota                                             ,            0,         , 2Q-R01_shp  ,                      , 
2Q-L01  , 2Q      , SH        , Balai Kota dan Gondangdia                    , Gondangdia - Balai Kota - Gondangdia                                ,            0,         , 2Q-L01_shp  ,                      , 
6N-R06  , 6N      , SH        , Term. Ragunan via Kemang                     , Blok M - Term. Ragunan via Kemang                                   ,            1,         , egwy        ,                      , 
BW1-R02 , BW1     , SH        , Juanda                                       , Kali Besar - Juanda                                                 ,            0,         , wdo7        ,                      , 
6V-L04  , 6V      , HM        , Tegal Mampang dan Ragunan                    , Ragunan - Tegal Mampang - Ragunan                                   ,            0,         , d1ze        ,                      , 
7B-R04  , 7B      , SH        , Kampung Rambutan via Koridor 13              , Blok M - Kampung Rambutan via Koridor 13                            ,            1,         , 7B-R04_shp  ,                      , 
4-R18   , 4       , SH        , Galunggung via Saharjo                       , Pulo Gadung - Galunggung via Saharjo                                ,            0,         , h2z9        ,                      , 
3B-R04  , 3B      , SH        , Rusun Flamboyan                              , Cengkareng - Rusun Flamboyan                                        ,            1,         , 3B-R04_shp  ,                      , 
7Q-L01  , 7Q      , SH        , Kalibata dan Blok M                          , Blok M - Kalibata - Blok M                                          ,            0,         , 7Q-L01_shp  ,                      , 
1-P37   , 1       , SH        , Monas dan Kali Besar Barat                   , Kali Besar Barat - Monas - Kali Besar Barat                         ,            0,         , 1-P37_shp   ,                      , 
7Q-L02  , 7Q      , SH        , PGC dan Blok M                               , Blok M - PGC - Blok M                                               ,            0,         , 7Q-L02_shp  ,                      , 
7Q-P01  , 7Q      , SH        , Blok M                                       , Kalibata - Blok M                                                   ,            1,         , 7Q-P01_shp  ,                      , 
1N-P22  , 1N      , SH        , Bundaran Senayan dan Tanah Abang             , Tanah Abang - Bundaran Senayan - Tanah Abang                        ,            0,         , 1N-P22_shp  ,                      , 
1N-R02  , 1N      , SH        , Tanah Abang                                  , Blok M - Tanah Abang                                                ,            1,         , 1N-R02_shp  ,                      , 
1T-R04  , 1T      , HK        , Cibubur                                      , Balai Kota - Cibubur                                                ,            1,         , 1T-R04_shp  ,                      , 
4C-R10  , 4C      , SH        , JIEP                                         , Bundaran Senayan - JIEP                                             ,            1,         , 24ze        ,                      , 
9A-R07  , 9A      , SH        , Cililitan                                    , Grogol - Cililitan                                                  ,            1,         , z4wl        ,                      , 
8-P27   , 8       , SH        , Lebak Bulus                                  , Damai - Lebak Bulus                                                 ,            1,         , hs4w        ,                      , 
9F-L01  , 9F      , SH        , Pluit dan Rusun Tambora                      , Rusun Tambora - Pluit - Rusun Tambora                               ,            0,         , 9F-L01_shp  ,                      , 
9D-R05  , 9D      , SH        , Pasar Minggu                                 , Tanah Abang - Pasar Minggu                                          ,            0,         , 9D-R05_shp  ,                      , 
BW4-L01 , BW4     , SH        , Pencakar Langit                              , Pencakar Langit                                                     ,            0,         , BW4-L01_shp ,                      , 
4C-L05  , 4C      , SH        , Bundaran Senayan dan JIEP                    , JIEP - Bundaran Senayan - JIEP                                      ,            0,         , c9oj        ,                      , 
8-P25   , 8       , SH        , Damai                                        , Lebak Bulus - Damai                                                 ,            0,         , 4tad        ,                      , 
1-R07   , 1       , SH        , Kali Besar Barat                             , Blok M - Kali Besar Barat                                           ,            0,         , 1-R07_shp   ,                      , 
1-R08   , 1       , SH        , Blok M                                       , Kali Besar Barat - Blok M                                           ,            1,         , 1-R08_shp   ,                      , 
8A-L05  , 8A      , HM        , Jelambar dan Pasar Baru                      , Pasar Baru - Jelambar - Pasar Baru (CFD)                            ,            0,         , uedv        ,                      , 
S22-R05 , S22     , SH        , Kampung Rambutan                             , Ciputat - Kampung Rambutan                                          ,            0,         , 6loe        ,                      , 
1-P39   , 1       , SH        , Blok M via Cideng                            , Kali Besar Barat - Blok M via Cideng                                ,            1,         , 1-P39_shp   ,                      , 
S21-R05 , S21     , SH        , Kejaksaan Agung                              , Ciputat - CSW                                                       ,            0,         , dotc        ,                      , 
1-P36   , 1       , SH        , Bundaran HI dan Kali Besar Barat             , Kali Besar Barat - Bundaran HI - Kali Besar Barat                   ,            0,         , 1-P36_shp   ,                      , 
1F-L01  , 1F      , SH        , Bundaran Senayan dan Stasiun Palmerah        , Stasiun Palmerah - Bundaran Senayan - Stasiun Palmerah              ,            0,         , 1F-L01_shp  ,                      , 
T31-R04 , T31     , SH        , PIK 2                                        , Blok M - PIK 2                                                      ,            1,         , p95v        ,                      , 
11-R03  , 11      , SH        , Kampung Melayu                               , Pulo Gebang - Kampung Melayu                                        ,            0,         , pedo        ,                      , 
7-P01   , 7       , HK        , Kampung Melayu via Tol Hek                   , Kampung Rambutan - Kampung Melayu via Tol Hek                       ,            0,         , 7-P01_shp   ,                      , 
5-R02   , 5       , SH        , Kampung Melayu                               , Ancol - Kampung Melayu                                              ,            0,         , 5-R02_shp   ,                      , 
8A-R07  , 8A      , HM        , Pasar Baru                                   , Jelambar - Pasar Baru                                               ,            0,         , omkp        ,                      , 
14A-L02 , 14A     , SH        , Monumen Nasional dan JIS                     , JIS - Monumen Nasional - JIS                                        ,            0,         , wmpz        ,                      , 
5-R01   , 5       , SH        , Ancol                                        , Kampung Melayu - Ancol                                              ,            0,         , 5-R01_shp   ,                      , 
4-P24   , 4       , SH        , Manggarai dan Galunggung                     , Galunggung - Manggarai - Galunggung                                 ,            0,         , 4-P24_shp   ,                      , 
7V-L01  , 7V      , SH        , Kampung Rambutan dan Cibubur                 , Cibubur - Kampung Rambutan - Cibubur                                ,            0,         , 7V-L01_shp  ,                      , 
4B-R03  , 4B      , HM        , Universitas Indonesia                        , St. Manggarai - Universitas Indonesia                               ,            0,         , nkf5        ,                      , 
4B-R01  , 4B      , SH        , Universitas Indonesia                        , Stasiun Manggarai - Universitas Indonesia                           ,            0,         , 4B-R01_shp  ,                      , 
7E-R01  , 7E      , SH        , Ragunan                                      , Kampung Rambutan - Ragunan                                          ,            0,         , 7E-R01_shp  ,                      , 
5-P21   , 5       , HK        , Senen dan Kampung Melayu                     , Kampung Melayu - Senen - Kampung Melayu                             ,            0,         , 5-P21_shp   ,                      , 
9E-R02  , 9E      , HK        , Kebayoran Lama                               , Jelambar - Kebayoran Lama                                           ,            1,         , 9E-R02_shp  ,                      , 
3D-R03  , 3D      , SH        , Penjaringan via Tubagus Angke                , Taman Kota - Penjaringan via Tubagus Angke                          ,            0,         , gfcj        ,                      , 
10H-R09 , 10H     , SH        , Tanjung Priok                                , Bundaran Senayan - Tanjung Priok                                    ,            1,         , 5g0l        ,                      , 
10A-R01 , 10A     , SH        , Tanjung Priok                                , Rusun Marunda - Tanjung Priok                                       ,            0,         , ndbk        ,                      , 
3-L04   , 3       , SH        , Monas dan Kalideres                          , Kalideres - Monas - Kalideres                                       ,            0,         , 3-L04_shp   ,                      , 
6C-L04  , 6C      , HM        , Kuningan dan Stasiun Tebet                   , Stasiun Tebet - Departemen Kesehatan - Stasiun Tebet                ,            0,         , 6C-L04_shp  ,                      , 
6U-R04  , 6U      , SH        , Blok M                                       , Pasar Minggu - Blok M                                               ,            1,         , uulz        ,                      , 
6A-R08  , 6A      , SH        , Balai Kota via Kuningan                      , Ragunan - Balai Kota via Kuningan                                   ,            0,         , 6A-R08_shp  ,                      , 
6W-L02  , 6W      , SH        , Duren Tiga dan Blok M via Bangka Raya        , Blok M - Duren Tiga - Blok M via Bangka Raya                        ,            0,         , dpty        ,                      , 
S11-R07 , S11     , SH        , BSD                                          , Jelambar 2 - BSD                                                    ,            1,         , d18a        ,                      , 
7F-R06  , 7F      , HM        , Kampung Rambutan                             , Juanda - Kampung Rambutan                                           ,            1,         , 7F-R06_shp  ,                      , 
7F-R05  , 7F      , HM        , Juanda                                       , Kampung Rambutan - Juanda                                           ,            0,         , 7F-R05_shp  ,                      , 
7F-L02  , 7F      , HM        , Juanda dan Kampung Rambutan via Kwitang      , Kampung Rambutan - Juanda - Kampung Rambutan via Kwitang            ,            0,         , 7F-L02_shp  ,                      , 
1A-L03  , 1A      , SH        , Penjaringan dan Pantai Maju                  , Pantai Maju - Penjaringan - Pantai Maju                             ,            0,         , 1A-L03_shp  ,                      , 
1A-L04  , 1A      , SH        , Juanda dan Pantai Maju                       , Pantai Maju - Juanda - Pantai Maju                                  ,            0,         , 1A-L04_shp  ,                      , 
6T-L02  , 6T      , SH        , Velbak dan Pasar Minggu via Jeruk Purut      , Pasar Minggu - Velbak - Pasar Minggu via Jeruk Purut                ,            0,         , 6T-L02_shp  ,                      , 
6D-L04  , 6D      , HM        , Karet via Underpass dan Stasiun Tebet        , Stasiun Tebet - Karet via Underpass - Stasiun Tebet                 ,            0,         , sa7h        ,                      , 
D11-L08 , D11     , HM        , Cawang Sentral Polypaint 1 dan Stiami        , Stiami - Cawang Sentral Polypaint 1 - Stiami                        ,            0,         , lkg7        ,                      , 
6A-R07  , 6A      , SH        , Ragunan via Kuningan                         , Balai Kota - Ragunan via Kuningan                                   ,            1,         , 6A-R07_shp  ,                      , 
1C-R02  , 1C      , SH        , Pesanggrahan                                 , Blok M - Pesanggrahan                                               ,            1,         , 1C-R02_shp  ,                      , 
T11-L13 , T11     , SH        , Palem Semi dan Petamburan                    , Petamburan - Palem Semi - Petamburan                                ,            0,         , nxmh        ,                      , 
7T-R01  , 7T      , HM        , Tanjung Priok                                , Cibubur - Tanjung Priok                                             ,            0,         , 7T-R01_shp  ,                      , 
7U-R01  , 7U      , HM        , Ancol                                        , Cibubur - Ancol                                                     ,            0,         , 7U-R01_shp  ,                      , 
6A-L04  , 6A      , SH        , Balai Kota dan Ragunan via Kuningan          , Ragunan - Balai Kota - Ragunan via Kuningan                         ,            0,         , 6A-L04_shp  ,                      , 
6B-L02  , 6B      , SH        , Kebon Sirih dan Ragunan                      , Ragunan - Kebon Sirih - Ragunan                                     ,            0,         , lycb        ,                      , 
8A-R03  , 8A      , HM        , Juanda                                       , Jelambar - Juanda                                                   ,            0,         , 8A-R03_shp  ,                      , 
1M-R02  , 1M      , SH        , Meruya                                       , Blok M - Meruya                                                     ,            1,         , 1M-R02_shp  ,                      , 
1M-R03  , 1M      , SH        , Blok M                                       , Meruya - Blok M                                                     ,            0,         , 1M-R03_shp  ,                      , 
6V-L01  , 6V      , SH        , Senayan Bank Jakarta dan Ragunan             , Ragunan - Senayan Bank Jakarta - Ragunan                            ,            0,         , 6V-L01_shp  ,                      , 
5C-L09  , 5C      , SH        , Juanda dan Kampung Melayu                    , Kampung Melayu - Juanda - Kampung Melayu                            ,            0,         , g367        ,                      , 
7-P02   , 7       , SH        , Kampung Rambutan via Tol Hek                 , Kampung Melayu - Kampung Rambutan via Tol Hek                       ,            0,         , 7-P02_shp   ,                      , 
4-P22   , 4       , SH        , Flyover Pramuka dan Pulo Gadung              , Pulo Gadung - Flyover Pramuka - Pulo Gadung                         ,            0,         , 4-P22_shp   ,                      , 
2A-L04  , 2A      , SH        , Rawa Buaya dan Pulo Gadung                   , Pulo Gadung - Rawa Buaya - Pulo Gadung via Balkot (Demo Patung Kuda),            0,         , 6cr3        ,                      , 
6B-L04  , 6B      , SH        , Balai Kota dan Ragunan via Semanggi          , Ragunan - Balai Kota - Ragunan via Semanggi                         ,            0,         , 6B-L04_shp  ,                      , 
9D-R09  , 9D      , HM        , Tanah Abang via Slipi                        , Pasar Minggu - Tanah Abang via Slipi (CFD)                          ,            1,         , bcjg        ,                      , 
S21-L05 , S21     , SH        , Kejaksaan Agung dan Ciputat                  , Ciputat - CSW - Ciputat                                             ,            0,         , fy9p        ,                      , 
7E-R05  , 7E      , SH        , Kampung Rambutan                             , Ragunan - Kampung Rambutan                                          ,            1,         , 7E-R05_shp  ,                      , 
6U-R03  , 6U      , SH        , Pasar Minggu                                 , Blok M - Pasar Minggu                                               ,            0,         , 2kih        ,                      , 
10H-L04 , 10H     , SH        , Bundaran Senayan dan Tanjung Priok           , Tanjung Priok - Bundaran Senayan - Tanjung Priok                    ,            0,         , zc5r        ,                      , 
S22-R06 , S22     , SH        , Ciputat                                      , Kampung Rambutan - Ciputat                                          ,            1,         , r3q9        ,                      , 
6B-R07  , 6B      , SH        , Ragunan via Semanggi                         , Balai Kota - Ragunan via Semanggi                                   ,            1,         , 6B-R07_shp  ,                      , 
10H-L05 , 10H     , SH        , Petamburan dan Tanjung Priok                 , Tanjung Priok - Petamburan - Tanjung Priok                          ,            0,         , 73ub        ,                      , 
9F-R01  , 9F      , SH        , Pluit                                        , Rusun Tambora - Pluit                                               ,            0,         , 9F-R01_shp  ,                      , 
9F-R02  , 9F      , SH        , Rusun Tambora                                , Pluit - Rusun Tambora                                               ,            1,         , 9F-R02_shp  ,                      , 
12B-R04 , 12B     , SH        , Pluit                                        , Senen - Pluit                                                       ,            1,         , 12B-R04_shp ,                      , 
3F-L03  , 3F      , SH        , Petamburan dan Kalideres                     , Kalideres - Petamburan - Kalideres                                  ,            0,         , mqhv        ,                      , 
10D-R02 , 10D     , SH        , Tanjung Priok                                , Kampung Rambutan - Tanjung Priok                                    ,            1,         , 10D-R02_shp ,                      , 
6U-L01  , 6U      , SH        , Pasar Minggu dan Blok M                      , Blok M - Pasar Minggu - Blok M                                      ,            0,         , 6U-L01_shp  ,                      , 
10D-R01 , 10D     , SH        , Kampung Rambutan                             , Tanjung Priok - Kampung Rambutan                                    ,            0,         , 10D-R01_shp ,                      , 
B13-R02 , B13     , HK        , Bekasi Barat                                 , Blok M - Bekasi Barat                                               ,            1,         , B13-R02_shp ,                      , 
D21-R01 , D21     , SH        , Lebak Bulus                                  , Universitas Indonesia - Lebak Bulus                                 ,            0,         , D21-R01_shp ,                      , 
S22-L03 , S22     , SH        , Kampung Rambutan dan Ciputat                 , Ciputat - Kampung Rambutan - Ciputat                                ,            0,         , odfn        ,                      , 
BW1-L02 , BW1     , SH        , Sejarah Jakarta                              , Sejarah Jakarta                                                     ,            0,         , BW1-L02_shp ,                      , 
B13-R01 , B13     , HK        , Blok M                                       , Bekasi Barat - Blok M                                               ,            0,         , B13-R01_shp ,                      , 
B21-L06 , B21     , SH        , Cawang dan Bekasi Timur                      , Bekasi Timur - Cawang - Bekasi Timur                                ,            0,         , pfg9        ,                      , 
BW9-L03 , BW9     , SH        , PIK dan Kota Tua                             , Kota Tua - PIK - Kota Tua                                           ,            0,         , BW9-L03_shp ,                      , 
B21-R09 , B21     , SH        , Cawang                                       , Bekasi Timur - Cawang                                               ,            0,         , x3d0        ,                      , 
D32-R01 , D32     , HK        , Bundaran Senayan                             , Cinere - Bundaran Senayan                                           ,            0,         , D32-R01_shp ,                      , 
11B-L02 , 11B     , SH        , Penggilingan dan Rusun Rawa Bebek            , Rusun Rawa Bebek - Penggilingan - Rusun Rawa Bebek                  ,            0,         , 3ood        ,                      , 
D32-R02 , D32     , HK        , Cinere                                       , Bundaran Senayan - Cinere                                           ,            1,         , D32-R02_shp ,                      , 
3B-L02  , 3B      , SH        , Cengkareng dan Rusun Flamboyan               , Rusun Flamboyan - Cengkareng - Rusun Flamboyan                      ,            0,         , 4zuc        ,                      , 
3B-L03  , 3B      , SH        , Cengkareng dan Rusun Flamboyan               , Rusun Flamboyan - Cengkareng - Rusun Flamboyan                      ,            0,         , ian7        ,                      , 
11Q-R05 , 11Q     , HK        , Kampung Melayu                               , Pulo Gebang - Kampung Melayu via BKT                                ,            0,         , 11Q-R05_shp ,                      , 
9-L02   , 9       , SH        , Pancoran dan Pluit                           , Pluit - Pancoran - Pluit                                            ,            0,         , xcnl        ,                      , 
1P-R06  , 1P      , SH        , Senen                                        , Blok M - Senen                                                      ,            1,         , w31b        ,                      , 
1P-R07  , 1P      , SH        , Senen                                        , Blok M - Senen                                                      ,            1,         , 5a6n        ,                      , 
1P-R04  , 1P      , SH        , Senen                                        , Blok M - Senen                                                      ,            1,         , 1P-R04_shp  ,                      , 
1R-L04  , 1R      , SH        , Tanah Abang dan Senen                        , Senen - Tanah Abang - Senen                                         ,            0,         , 1R-L04_shp  ,                      , 
1R-L05  , 1R      , SH        , Tanah Abang dan Senen                        , Senen - Tanah Abang - Senen via Wahid Hasyim                        ,            0,         , bek5        ,                      , 
3A-L01  , 3A      , SH        , Kalideres dan Rusun Pesakih                  , Rusun Pesakih - Kalideres - Rusun Pesakih                           ,            0,         , 3A-L01_shp  ,                      , 
3H-R06  , 3H      , SH        , Kota                                         , Damai - Kota                                                        ,            0,         , zawu        ,                      , 
4D-L04  , 4D      , SH        , Kuningan dan Pulo Gadung                     , Pulo Gadung - Kuningan - Pulo Gadung                                ,            0,         , 6g7v        ,                      , 
4B-R04  , 4B      , SH        , Stasiun Manggarai                            , Univ. Indonesia - Stasiun Manggarai                                 ,            1,         , th44        ,                      , 
2A-L02  , 2A      , SH        , Rawa Buaya dan Pulo Gadung                   , Pulo Gadung - Rawa Buaya - Pulo Gadung                              ,            0,         , 2A-L02_shp  ,                      , 
2A-R04  , 2A      , SH        , Pulo Gadung                                  , Rawa Buaya - Pulo Gadung                                            ,            1,         , 2A-R04_shp  ,                      , 
3H-R07  , 3H      , SH        , Damai                                        , Kota - Damai                                                        ,            1,         , zw5w        ,                      , 
2A-L03  , 2A      , SH        , Rawa Buaya dan Pulo Gadung via Juanda        , Pulo Gadung - Rawa Buaya - Pulo Gadung via Juanda                   ,            0,         , 2A-L03_shp  ,                      , 
1-P96   , 1       , SH        , Monumen Nasional                             , Blok M - Monumen Nasional                                           ,            0,         , wutv        ,                      , 
1-P97   , 1       , SH        , Blok M                                       , Monumen Nasional - Blok M                                           ,            1,         , 0l4o        ,                      , 
1-P95   , 1       , SH        , Kota                                         , Monumen Nasional - Kota                                             ,            0,         , 7im9        ,                      , 
10-R02  , 10      , SH        , Tanjung Priok                                , PGC - Tanjung Priok                                                 ,            1,         , qoho        ,                      , 
10-R01  , 10      , SH        , PGC                                          , Tanjung Priok - PGC                                                 ,            0,         , sdnp        ,                      , 
10-P21  , 10      , SH        , Halim dan Tanjung Priok                      , Tanjung Priok - Halim - Tanjung Priok                               ,            0,         , 8jb4        ,                      , 
3-L06   , 3       , HM        , Juanda dan Kalideres                         , Kalideres - Juanda - Kalideres                                      ,            0,         , 3-L06_shp   ,                      , 
3-L05   , 3       , HM        , Roxy dan Kalideres                           , Kalideres - Roxy - Kalideres                                        ,            0,         , 3-L05_shp   ,                      , 
10-P22  , 10      , SH        , Sunter Kelapa Gading dan PGC                 , PGC - Sunter Kelapa Gading - PGC                                    ,            0,         , ckf1        ,                      , 
10-P23  , 10      , SH        , Walikota Jakarta Utara dan PGC               , PGC - Walikota Jakarta Utara - PGC                                  ,            0,         , 5i7r        ,                      , 
3H-L04  , 3H      , SH        , Kota dan Damai                               , Damai - Kota - Damai                                                ,            0,         , vi2e        ,                      , 
6N-R05  , 6N      , SH        , Blok M via Kemang                            , Term. Ragunan - Blok M via Kemang                                   ,            0,         , xmbh        ,                      , 
1-P33   , 1       , SH        , Taman Sari dan Blok M                        , Blok M - Taman Sari - Blok M                                        ,            0,         , 1-P33_shp   ,                      , 
3D-R05  , 3D      , SH        , Taman Kota via Tubagus Angke                 , Penjaringan - Taman Kota via Tubagus Angke                          ,            1,         , fw19        ,                      , 
3D-L03  , 3D      , SH        , Taman Kota dan Penjaringan viaTubagus Angke  , Penjaringan - Taman Kota - Penjaringan viaTubagus Angke             ,            0,         , ofy3        ,                      , 
1-P28   , 1       , SH        , Monas dan Blok M                             , Blok M - Monas - Blok M                                             ,            0,         , 1-P28_shp   ,                      , 
1-P34   , 1       , SH        , Bundaran Senayan dan Kali Besar Barat        , Kali Besar Barat - Bundaran Senayan - Kali Besar Barat              ,            0,         , 1-P34_shp   ,                      , 
6H-L04  , 6H      , SH        , Lebak Bulus dan Senen                        , Senen - Lebak Bulus - Senen                                         ,            0,         , 6H-L04_shp  ,                      , 
6H-R04  , 6H      , SH        , Senen                                        , Lebak Bulus - Senen                                                 ,            1,         , 6H-R04_shp  ,                      , 
6Q-L04  , 6Q      , SH        , Casablanca dan Galunggung via Epicentrum Raya, Galunggung - Casablanca - Galunggung via Epicentrum Raya            ,            0,         , 2aaq        ,                      , 
4K-R08  , 4K      , SH        , Pulo Gadung                                  , Blok M - Pulo Gadung                                                ,            1,         , 3n3b        ,                      , 
8N-L02  , 8N      , SH        , Petamburan dan Kebayoran                     , Kebayoran - Petamburan - Kebayoran via Asia Afrika                  ,            0,         , jf57        ,                      , 
1N-R01  , 1N      , SH        , Blok M                                       , Tanah Abang - Blok M                                                ,            0,         , tap6        ,                      , 
B41-L02 , B41     , SH        , Komsen dan Cawang Sentral                    , Cawang Sentral - Komsen - Cawang Sentral                            ,            0,         , xhs1        ,                      , 
1-P94   , 1       , SH        , Monumen Nasional                             , Kota - Monumen Nasional                                             ,            1,         , w6ye        ,                      , 
S22-T01 , S22     , SH        , Kampung Rambutan                             , Lebak Bulus - Kampung Rambutan                                      ,            0,         , S22-T01_shp ,                      , 
12A-L02 , 12A     , SH        , Kota dan Kali Adem                           , Kali Adem - Kota - Kali Adem                                        ,            0,         , 12A-L02_shp ,                      , 
12C-L01 , 12C     , SH        , Penjaringan dan Rusun Waduk Pluit            , Rusun Waduk Pluit - Penjaringan - Rusun Waduk Pluit                 ,            0,         , 12C-L01_shp ,                      , 
B41-R02 , B41     , SH        , Vida Bekasi                                  , Cawang Sentral via Jatiasih - Vida Bekasi                           ,            1,         , l105        ,                      , 
1Q-R01  , 1Q      , SH        , Blok M                                       , Rempoa - Blok M                                                     ,            0,         , 1Q-R01_shp  ,                      , 
1Q-R02  , 1Q      , SH        , Rempoa                                       , Blok M - Rempoa                                                     ,            1,         , 1Q-R02_shp  ,                      , 
3C-L02  , 3C      , SH        , Penjaringan dan Rusun Kapuk Muara            , Rusun Kapuk Muara - Penjaringan - Rusun Kapuk Muara                 ,            0,         , 8l45        ,                      , 
8E-R01  , 8E      , SH        , Blok M                                       , Bintaro - Blok M                                                    ,            0,         , 8E-R01_shp  ,                      , 
B14-R02 , B14     , HK        , Bekasi Barat                                 , Kuningan - Bekasi Barat                                             ,            1,         , B14-R02_shp ,                      , 
3-L02   , 3       , SH        , Petojo dan Kalideres via Setneg              , Kalideres - Petojo - Kalideres via Setneg                           ,            0,         , 3-L02_shp   ,                      , 
4K-L03  , 4K      , SH        , Kejaksaan Agung dan Pulo Gadung              , Pulo Gadung - Kejaksaan Agung - Pulo Gadung                         ,            0,         , n4oh        ,                      , 
D31-L02 , D31     , HK        , Cinere dan Kuningan                          , Kuningan - Cinere - Kuningan                                        ,            0,         , D31-L02_shp ,                      , 
6P-R02  , 6P      , HK        , Cibubur                                      , Kuningan - Cibubur                                                  ,            1,         , 6P-R02_shp  ,                      , 
2B-L03  , 2B      , SH        , Pulo Gadung dan Harapan Indah                , Harapan Indah - Pulo Gadung - Harapan Indah                         ,            0,         , 2B-L03_shp  ,                      , 
6K-L05  , 6K      , SH        , Kuningan dan Karet                           , Karet - Kuningan - Karet                                            ,            0,         , 25rt        ,                      , 
9A-L08  , 9A      , SH        , Kota Bambu dan Cililitan                     , Cililitan - Kota Bambu - Cililitan                                  ,            0,         , i3mv        ,                      , 
12H-L02 , 12H     , SH        , Penjaringan dan Rusun Penjaringan            , Rusun Penjaringan - Penjaringan - Rusun Penjaringan                 ,            0,         , jndl        ,                      , 
12F-L02 , 12F     , SH        , Rusun Waduk Pluit dan Rusun Marunda          , Rusun Marunda - Rusun Waduk Pluit - Rusun Marunda                   ,            0,         , 2rzn        ,                      , 
2F-L04  , 2F      , SH        , Pulo Gadung dan Rusun Cakung Barat           , Rusun Cakung Barat - Pulo Gadung - Rusun Cakung Barat               ,            0,         , or6a        ,                      , 
8E-R03  , 8E      , SH        , Bintaro                                      , Blok M - Bintaro                                                    ,            1,         , 8E-R03_shp  ,                      , 
9E-L01  , 9E      , SH        , Jelambar dan Kebayoran Lama                  , Kebayoran Lama - Jelambar - Kebayoran Lama                          ,            0,         , 2vv6        ,                      , 
9E-P21  , 9E      , SH        , Kota Bambu dan Kebayoran Lama                , Kebayoran Lama - Kota Bambu - Kebayoran Lama                        ,            0,         , 9E-P21_shp  ,                      , 
9A-R08  , 9A      , SH        , Grogol                                       , Cililitan - Grogol                                                  ,            0,         , lewd        ,                      , 
10A-L02 , 10A     , SH        , Tanjung Priok dan Rusun Marunda              , Rusun Marunda - Tanjung Priok - Rusun Marunda                       ,            0,         , mhew        ,                      , 
2B-L04  , 2B      , SH        , Pulo Gadung dan Harapan Indah                , Harapan Indah - Pulo Gadung - Harapan Indah                         ,            0,         , pkfq        ,                      , 
2B-R05  , 2B      , SH        , Pulo Gadung                                  , Transera Harapan Indah - Pulo Gadung                                ,            0,         , 2B-R05_shp  ,                      , 
9H-L09  , 9H      , SH        , Pasar Minggu dan Cipedak                     , Cipedak - Pasar Minggu - Cipedak                                    ,            0,         , 9H-L09_shp  ,                      , 
4E-L02  , 4E      , SH        , Pulo Gadung dan Rusun Jatinegara Kaum        , Rusun Jatinegara Kaum - Pulo Gadung - Rusun Jatinegara Kaum         ,            0,         , khdw        ,                      , 
3-P06   , 3       , SH        , Kalideres                                    , Juanda - Kalideres                                                  ,            1,         , 0i64        ,                      , 
4-R12   , 4       , HM        , Galunggung via Bermis                        , Pulo Gadung - Galunggung via Bermis                                 ,            0,         , 4-R12_shp   ,                      , 
2B-R06  , 2B      , SH        , Transera Harapan Indah                       , Pulo Gadung - Transera Harapan Indah                                ,            1,         , 2B-R06_shp  ,                      , 
4-R13   , 4       , HM        , Pulo Gadung via Bermis                       , Galunggung - Pulo Gadung via Bermis                                 ,            1,         , 4-R13_shp   ,                      , 
S12-R01 , S12     , SH        , Fatmawati                                    , Term. BSD - Fatmawati                                               ,            0,         , S12-R01_shp ,                      , 
S31-R01 , S31     , HK        , Fatmawati                                    , Bintaro - Fatmawati                                                 ,            0,         , S31-R01_shp ,                      , 
T12-L03 , T12     , SH        , Juanda dan Poris Plawad                      , Poris Plawad - Juanda - Poris Plawad                                ,            0,         , 1oqf        ,                      , 
S13-R02 , S13     , HK        , Summarecon Serpong                           , Tomang Raya - Summarecon Serpong                                    ,            1,         , S13-R02_shp ,                      , 
S13-R01 , S13     , HK        , Tomang Raya                                  , Summarecon Serpong - Tomang Raya                                    ,            0,         , S13-R01_shp ,                      , 
S14-R02 , S14     , HK        , Summarecon Serpong                           , Lebak Bulus - Summarecon Serpong                                    ,            1,         , S14-R02_shp ,                      , 
T12-R05 , T12     , SH        , Juanda                                       , Poris Plawad - Juanda                                               ,            0,         , wqhl        ,                      , 
S14-R01 , S14     , HK        , Lebak Bulus                                  , Summarecon Serpong - Lebak Bulus                                    ,            0,         , S14-R01_shp ,                      , 
S31-L01 , S31     , HK        , Fatmawati dan Bintaro                        , Bintaro - Fatmawati - Bintaro                                       ,            0,         , S31-L01_shp ,                      , 
S31-R02 , S31     , HK        , Bintaro                                      , Fatmawati - Bintaro                                                 ,            1,         , S31-R02_shp ,                      , 
S31-L02 , S31     , HK        , Bintaro dan Fatmawati                        , Fatmawati - Bintaro - Fatmawati                                     ,            0,         , S31-L02_shp ,                      , 
B11-R10 , B11     , SH        , Summarecon Bekasi                            , Cawang - Summarecon Bekasi                                          ,            1,         , 2tq6        ,                      , 
B11-R11 , B11     , SH        , Cawang                                       , Summarecon Bekasi - Cawang                                          ,            0,         , mx84        ,                      , 
14-R07  , 14      , SH        , Jakarta International Stadium                , Senen - Jakarta International Stadium                               ,            1,         , x8ux        ,                      , 
12C-R01 , 12C     , SH        , Penjaringan                                  , Rusun Waduk Pluit - Penjaringan                                     ,            0,         , 12C-R01_shp ,                      , 
B11-L07 , B11     , SH        , Cawang dan Summarecon Bekasi                 , Summarecon Bekasi - Cawang - Summarecon Bekasi                      ,            0,         , 6wyo        ,                      , 
4F-R03  , 4F      , SH        , Pulo Gadung                                  , Pinang Ranti - Pulo Gadung                                          ,            0,         , 34qw        ,                      , 
B11-L09 , B11     , HM        , Cawang dan Summarecon Bekasi                 , Bekasi Barat - Cawang - Summarecon Bekasi (CFD)                     ,            0,         , h0kj        ,                      , 
B11-L08 , B11     , HM        , Cawang dan Bekasi Barat                      , Bekasi Barat - Cawang - Bekasi Barat (CFD)                          ,            0,         , jkfs        ,                      , 
9C-L01  , 9C      , SH        , Bundaran Senayan dan Pinang Ranti            , Pinang Ranti - Bundaran Senayan - Pinang Ranti                      ,            0,         , 9C-L01_shp  ,                      , 
2-L04   , 2       , SH        , Monas dan Pulo Gadung                        , Pulo Gadung - Monas - Pulo Gadung (Demo)                            ,            0,         , 6zj8        ,                      , 
1A-R11  , 1A      , SH        , Pantai Maju                                  , Balai Kota - Pantai Maju                                            ,            1,         , vbhx        ,                      , 
9C-R02  , 9C      , SH        , Pinang Ranti                                 , Bundaran Senayan - Pinang Ranti                                     ,            1,         , 9C-R02_shp  ,                      , 
14B-R01 , 14B     , SH        , Senen via JIS                                , Tanjung Priok - Senen via JIS                                       ,            0,         , 14B-R01_shp ,                      , 
12C-R02 , 12C     , SH        , Rusun Waduk Pluit                            , Penjaringan - Rusun Waduk Pluit                                     ,            1,         , 12C-R02_shp ,                      , 
4-R15   , 4       , SH        , Pulo Gadung                                  , Galunggung - Pulo Gadung                                            ,            1,         , 3lo7        ,                      , 
BW2-L02 , BW2     , SH        , Monas Explorer                               , Monas Explorer                                                      ,            0,         , 5cg3        ,                      , 
B21-R10 , B21     , SH        , Bekasi Timur                                 , Cawang - Bekasi Timur                                               ,            1,         , uza8        ,                      , 
1A-R09  , 1A      , SH        , Balai Kota                                   , Pantai Maju - Balai Kota                                            ,            0,         , 1A-R09_shp  ,                      , 
8-L07   , 8       , SH        , Kebayoran dan Pasar Baru                     , Pasar Baru - Kebayoran - Pasar Baru                                 ,            0,         , c43x        ,                      , 
14B-L01 , 14B     , SH        , Senen dan Tanjung Priok via JIS              , Tanjung Priok - Senen - Tanjung Priok via JIS                       ,            0,         , 14B-L01_shp ,                      , 
T12-R04 , T12     , SH        , Poris Plawad                                 , Juanda - Poris Plawad                                               ,            1,         , fb9o        ,                      , 
5M-L06  , 5M      , SH        , Tanah Abang dan Kampung Melayu               , Kampung Melayu - Tanah Abang - Kampung Melayu                       ,            0,         , doln        ,                      , 
5M-P21  , 5M      , SH        , Jati Baru dan Kampung Melayu                 , Kampung Melayu - Jati Baru - Kampung Melayu                         ,            0,         , 5M-P21_shp  ,                      , 
2-L05   , 2       , SH        , Pecenongan dan Pulo Gadung                   , Pulo Gadung - Pecenongan -Pulo Gadung (Demo Patung Kuda)            ,            0,         , 3261        ,                      , 
8-R04   , 8       , SH        , Lebak Bulus                                  , Pasar Baru - Lebak Bulus                                            ,            1,         , 8-R04_shp   ,                      , 
14B-L02 , 14B     , SH        , Tanjung Priok                                , Senen - Tanjung Priok                                               ,            0,         , pqsb        ,                      , 
8-L08   , 8       , SH        , Pondok Indah dan Pasar Baru                  , Pasar Baru - Pondok Indah - Pasar Baru                              ,            0,         , ic71        ,                      , 
T11-P05 , T11     , SH        , Petamburan                                   , Palem Semi - Petamburan                                             ,            0,         , cjan        ,                      , 
T11-R10 , T11     , SH        , Petamburan                                   , Poris Plawad - Petamburan                                           ,            0,         , 4gqq        ,                      , 
8D-R02  , 8D      , SH        , Blok M                                       , Joglo - Blok M                                                      ,            1,         , ux6a        ,                      , 
T11-R11 , T11     , SH        , Poris Plawad                                 , Petamburan - Poris Plawad                                           ,            1,         , k6c7        ,                      , 
8-L09   , 8       , SH        , Tomang dan Lebak Bulus                       , Lebak Bulus - Tomang - Lebak Bulus                                  ,            0,         , skrb        ,                      , 
8-P03   , 8       , HM        , Pasar Baru via Cideng                        , Lebak Bulus - Pasar Baru via Cideng                                 ,            0,         , 8-P03_shp   ,                      , 
T11-L12 , T11     , SH        , Petamburan dan Palem Semi                    , Palem Semi - Petamburan - Palem Semi                                ,            0,         , 95tx        ,                      , 
8-P04   , 8       , HM        , Lebak Bulus via Cideng                       , Pasar Baru - Lebak Bulus via Cideng                                 ,            1,         , 8-P04_shp   ,                      , 
8-R03   , 8       , SH        , Pasar Baru                                   , Lebak Bulus - Pasar Baru                                            ,            0,         , 8-R03_shp   ,                      , 
7F-L03  , 7F      , SH        , Pecenongan dan Kampung Rambutan              , Kampung Rambutan - Pecenongan - Kampung Rambutan                    ,            0,         , rju4        ,                      , 
8K-L02  , 8K      , SH        , Grogol dan Batusari                          , Batusari - Grogol - Batusari                                        ,            0,         , 8K-L02_shp  ,                      , 
11W-L02 , 11W     , HK        , Pulo Gadung                                  , JIEP - Pulo Gadung via St. Klender - JIEP                           ,            0,         , quil        ,                      , 
S11-L05 , S11     , SH        , Jelambar 2 dan BSD                           , BSD - Jelambar 2 - BSD                                              ,            0,         , roab        ,                      , 
11C-L03 , 11C     , SH        , Penggilingan dan Rusun Pulo Gebang           , Rusun Pulo Gebang - Penggilingan - Rusun Pulo Gebang                ,            0,         , zyts        ,                      , 
1A-L08  , 1A      , SH        , Kali Besar via Tol dan Pantai Maju           , Pantai Maju - Kali Besar via Tol - Pantai Maju                      ,            0,         , b928        ,                      , 
9H-L08  , 9H      , SH        , Pasar Minggu dan Cipedak                     , Cipedak - Pasar Minggu - Cipedak                                    ,            0,         , 9H-L08_shp  ,                      , 
7F-L04  , 7F      , SH        , Juanda dan Kampung Rambutan                  , Kampung Rambutan - Juanda - Kampung Rambutan                        ,            0,         , rezr        ,                      , 
8-R09   , 8       , HM        , Lebak Bulus                                  , Tanjung Duren - Lebak Bulus                                         ,            1,         , 8-R09_shp   ,                      , 
8-R10   , 8       , HM        , Tanjung Duren                                , Lebak Bulus - Tanjung Duren                                         ,            0,         , 2595        ,                      , 
5M-L04  , 5M      , SH        , Tanah Abang dan Kampung Melayu via Cikini    , Kampung Melayu - Tanah Abang - Kampung Melayu via Cikini            ,            0,         , 5M-L04_shp  ,                      , 
5M-L05  , 5M      , SH        , Tugu Tani dan Kampung Melayu via Pejambon    , Kampung Melayu - Tugu Tani via Pejambon - Kampung Melayu            ,            0,         , 5M-L05_shp  ,                      , 
5M-L03  , 5M      , SH        , Explorer Tanah Abang dan Kampung Melayu      , Kampung Melayu - Explorer Tanah Abang - Kampung Melayu              ,            0,         , 5M-L03_shp  ,                      , 
P11-R01 , P11     , SH        , Blok M                                       , Bogor - Blok M                                                      ,            0,         , 9haj        ,                      , 
P11-R02 , P11     , SH        , Bogor                                        , Blok M - Bogor                                                      ,            1,         , z94b        ,                      , 
1A-L06  , 1A      , SH        , Kali Besar Barat dan Pantai Maju             , Pantai Maju - Kali Besar Barat - Pantai Maju                        ,            0,         , u8qy        ,                      , 
5N-R02  , 5N      , SH        , Kampung Melayu                               , Ragunan - Kampung Melayu                                            ,            1,         , 5N-R02_shp  ,                      , 
1B-L02  , 1B      , SH        , Transport Hub Dukuh Atas dan St. Palmerah    , St. Palmerah - Transport Hub Dukuh Atas - St. Palmerah              ,            0,         , 2gxr        ,                      , 
7B-L06  , 7B      , SH        , Tendean dan Kampung Rambutan                 , Kampung Rambutan - Tendean - Kampung Rambutan                       ,            0,         , 7B-L06_shp  ,                      , 
9D-P23  , 9D      , HK        , Tosari dan Pasar Minggu                      , Pasar Minggu - Tosari - Pasar Minggu                                ,            0,         , 9D-P23_shp  ,                      , 
9D-P24  , 9D      , HK        , Semanggi dan Pasar Minggu                    , Pasar Minggu - Semanggi - Pasar Minggu                              ,            1,         , xq4o        ,                      , 
7B-R03  , 7B      , SH        , Blok M via Koridor 13                        , Kampung Rambutan - Blok M via Koridor 13                            ,            0,         , 7B-R03_shp  ,                      , 
B41-L01 , B41     , SH        , Cawang Sentral dan Vida Bekasi               , Vida Bekasi - Cawang Sentral via Jatiasih - Vida Bekasi             ,            0,         , dzls        ,                      , 
11D-R05 , 11D     , SH        , Pulo Gadung                                  , Pulo Gebang - Pulo Gadung via PIK                                   ,            0,         , reqe        ,                      , 
11D-R04 , 11D     , SH        , Pulo Gebang                                  , Pulo Gadung - Pulo Gebang via PIK                                   ,            1,         , 4b73        ,                      , 
B41-R01 , B41     , SH        , Cawang Sentral via Jatiasih                  , Vida Bekasi - Cawang Sentral via Jatiasih                           ,            0,         , k87u        ,                      , 
B25-L01 , B25     , SH        , Galunggung dan Bekasi                        , Bekasi - Galunggung - Bekasi                                        ,            0,         , 9j19        ,                      , 
S61-R01 , S61     , SH        , Blok M                                       , Alam Sutera - Blok M                                                ,            0,         , mpn3        ,                      , 
B25-R02 , B25     , SH        , Bekasi                                       , Galunggung - Bekasi                                                 ,            1,         , fwc8        ,                      , 
7-P05   , 7       , HK        , Kampung Melayu via Tol TMII                  , Kampung Rambutan - Kampung Melayu via Tol TMII                      ,            0,         , 7-P05_shp   ,                      , 
1T-L02  , 1T      , HK        , Balai Kota dan Cibubur                       , Cibubur - Balai Kota - Cibubur                                      ,            0,         , 1T-L02_shp  ,                      , 
1H-L01  , 1H      , SH        , Stasiun Gondangdia dan Tanah Abang           , Tanah Abang - Stasiun Gondangdia - Tanah Abang                      ,            0,         , 1H-L01_shp  ,                      , 
1H-L02  , 1H      , SH        , Godangdia dan Tanah Abang                    , Tanah Abang - Godangdia - Tanah Abang                               ,            0,         , 1H-L02_shp  ,                      , 
1H-R01  , 1H      , SH        , Tanah Abang                                  , Stasiun Gondangdia - Tanah Abang                                    ,            0,         , 1H-R01_shp  ,                      , 
7-R01   , 7       , SH        , Kampung Melayu                               , Kampung Rambutan - Kampung Melayu                                   ,            0,         , 7-R01_shp   ,                      , 
7-R02   , 7       , SH        , Kampung Rambutan                             , Kampung Melayu - Kampung Rambutan                                   ,            1,         , 7-R02_shp   ,                      , 
1A-P04  , 1A      , SH        , Pantai Maju                                  , Kali Besar Barat - Pantai Maju                                      ,            1,         , thcl        ,                      , 
12-L01  , 12      , SH        , Kota dan Sunter Boulevard Barat              , Sunter Boulevard Barat - Kota - Sunter Boulevard Barat              ,            0,         , 12-L01_shp  ,                      , 
12-P03  , 12      , SH        , Pluit                                        , Sunter Boulevard Barat - Pluit                                      ,            0,         , 12-P03_shp  ,                      , 
1-P23   , 1       , SH        , Tosari dan Blok M                            , Blok M - Tosari - Blok M                                            ,            0,         , 1-P23_shp   ,                      , 
12-R03  , 12      , SH        , Pluit                                        , Tanjung Priok - Pluit                                               ,            0,         , 12-R03_shp  ,                      , 
D41-R01 , D41     , SH        , Lebak Bulus                                  , Sawangan - Lebak Bulus                                              ,            0,         , nzeg        ,                      , 
12-R02  , 12      , SH        , Penjaringan                                  , Sunter Boulevard Barat - Penjaringan                                ,            1,         , 12-R02_shp  ,                      , 
S61-R02 , S61     , SH        , Alam Sutera                                  , Blok M - Alam Sutera                                                ,            1,         , bttc        ,                      , 
11-R02  , 11      , SH        , Pulo Gebang                                  , Kampung Melayu - Pulo Gebang                                        ,            1,         , 11-R02_shp  ,                      , 
11Q-R06 , 11Q     , SH        , Pulo Gebang via BKT                          , Kampung Melayu - Pulo Gebang via BKT                                ,            1,         , 11Q-R06_shp ,                      , 
9D-R04  , 9D      , SH        , Tanah Abang                                  , Pasar Minggu - Tanah Abang                                          ,            1,         , 9D-R04_shp  ,                      , 
12P-R01 , 12P     , SH        , JIS                                          , St. LRT Pegangsaan Dua - JIS                                        ,            0,         , 12P-R01_shp ,                      , 
2H-L03  , 2H      , SH        , Senen dan Rusun Jati Rawasari                , Rusun Jati Rawasari - Senen - Rusun Jati Rawasari                   ,            0,         , ah8l        ,                      , 
12A-R03 , 12A     , SH        , Kota                                         , Kali Adem - Kota                                                    ,            0,         , 12A-R03_shp ,                      , 
12-R01  , 12      , SH        , Sunter Boulevard Barat                       , Penjaringan - Sunter Boulevard Barat                                ,            0,         , 12-R01_shp  ,                      , 
12P-L01 , 12P     , SH        , St. LRT Pegangsaan Dua dan JIS               , JIS - St. LRT Pegangsaan Dua - JIS                                  ,            0,         , 12P-L01_shp ,                      , 
12P-R02 , 12P     , SH        , St. LRT Pegangsaan Dua                       , JIS - St. LRT Pegangsaan Dua                                        ,            1,         , 12P-R02_shp ,                      , 
9D-R10  , 9D      , HM        , Pasar Minggu via Slipi                       , Tanah Abang - Pasar Minggu via Slipi                                ,            0,         , uhwg        ,                      , 
B25-R01 , B25     , SH        , Galunggung                                   , Bekasi - Galunggung                                                 ,            0,         , d2et        ,                      , 
11Q-L04 , 11Q     , SH        , Kampung Melayu dan Pulo Gebang               , Pulo Gebang - Kampung Melayu - Pulo Gebang                          ,            0,         , 11Q-L04_shp ,                      , 
8C-L03  , 8C      , SH        , Tanah Abang dan Kebayoran                    , Kebayoran - Tanah Abang - Kebayoran                                 ,            0,         , 18w6        ,                      , 
8M-L02  , 8M      , SH        , Tanjung Duren danTanah Abang                 , Tanah Abang - Tanjung Duren - Tanah Abang                           ,            0,         , 8M-L02_shp  ,                      , 
11B-L01 , 11B     , SH        , Penggilingan dan Rusun Rawa Bebek            , Rusun Rawa Bebek - Penggilingan - Rusun Rawa Bebek                  ,            0,         , 11B-L01_shp ,                      , 
9-P24   , 9       , SH        , Cawang Sentral dan Pluit                     , Pluit - Cawang Sentral - Pluit                                      ,            0,         , 9-P24_shp   ,                      , 
9-P26   , 9       , SH        , Semanggi dan Pinang Ranti                    , Pinang Ranti - Semanggi - Pinang Ranti                              ,            0,         , 9-P26_shp   ,                      , 
9-R01   , 9       , SH        , Pluit                                        , Pinang Ranti - Pluit                                                ,            0,         , 9-R01_shp   ,                      , 
9-R02   , 9       , SH        , Pinang Ranti                                 , Pluit - Pinang Ranti                                                ,            1,         , 9-R02_shp   ,                      , 
9-R03   , 9       , SH        , Pluit via Tol Kemanggisan                    , Pinang Ranti - Pluit via Tol Kemanggisan (Demo DPR)                 ,            0,         , 8owt        ,                      , 
B11-R09 , B11     , SH        , Cawang                                       , Summarecon Bekasi - Cawang                                          ,            0,         , B11-R09_shp ,                      , 
14-R05  , 14      , SH        , Senen                                        , JIS - Senen                                                         ,            0,         , 14-R05_shp  ,                      , 
9N-L02  , 9N      , HL        , Simpang Cawang dan Pinang Ranti              , Pinang Ranti - Simpang Cawang - Pinang Ranti                        ,            0,         , 9N-L02_shp  ,                      , 
D41-R02 , D41     , SH        , Sawangan                                     , Lebak Bulus - Sawangan                                              ,            1,         , pg3w        ,                      , 
7D-L09  , 7D      , SH        , Pancoran Tugu dan TMII                       , TMII - Pancoran Tugu - TMII                                         ,            0,         , 7D-L09_shp  ,                      , 
9-P23   , 9       , SH        , Simpang Kuningan dan Pinang Ranti            , Pinang Ranti - Simpang Kuningan - Pinang Ranti                      ,            0,         , 9-P23_shp   ,                      , 
6-L02   , 6       , SH        , Flyover Kuningan dan Ragunan                 , Ragunan - Flyover Kuningan - Ragunan                                ,            0,         , 6-L02_shp   ,                      , 
6-R03   , 6       , SH        , Galunggung                                   , Ragunan - Galunggung                                                ,            0,         , 6-R03_shp   ,                      , 
6-R04   , 6       , SH        , Ragunan                                      , Galunggung - Ragunan                                                ,            1,         , 6-R04_shp   ,                      , 
D41-L01 , D41     , SH        , Lebak Bulus dan Sawangan                     , Sawangan - Lebak Bulus - Sawangan                                   ,            0,         , bw7e        ,                      , 
1-P38   , 1       , SH        , Kali Besar Barat via Kebon Sirih             , Blok M - Kali Besar Barat via Kebon Sirih                           ,            0,         , 1-P38_shp   ,                      , 
3A-L03  , 3A      , SH        , Kalideres dan Rusun Pesakih                  , Rusun Pesakih - Kalideres - Rusun Pesakih                           ,            0,         , krjk        ,                      , 
T31-L01 , T31     , HM        , Gerbang Pemuda dan PIK 2                     , PIK 2 - Gerbang Pemuda - PIK 2                                      ,            0,         , jopc        ,                      , 
14B-R02 , 14B     , SH        , Tanjung Priok via JIS                        , Senen - Tanjung Priok via JIS                                       ,            1,         , 14B-R02_shp ,                      , 
5N-R01  , 5N      , SH        , Ragunan                                      , Kampung Melayu - Ragunan                                            ,            0,         , 5N-R01_shp  ,                      , 
8-P24   , 8       , SH        , Damai                                        , Pasar Baru - Damai                                                  ,            0,         , goqz        ,                      , 
6H-R05  , 6H      , SH        , Lebak Bulus                                  , Senen - Lebak Bulus                                                 ,            0,         , 6H-R05_shp  ,                      , 
12-R04  , 12      , SH        , Tanjung Priok                                , Pluit - Tanjung Priok                                               ,            1,         , 12-R04_shp  ,                      , 
5C-R10  , 5C      , SH        , PGC                                          , Juanda - PGC                                                        ,            1,         , 5C-R10_shp  ,                      , 
9-P29   , 9       , SH        , Pluit                                        , Cawang Sentral - Pluit                                              ,            0,         , nc7v        ,                      , 
T11-L11 , T11     , SH        , Petamburan dan Poris Plawad                  , Poris Plawad - Petamburan - Poris Plawad                            ,            0,         , b2g6        ,                      , 
5F-L02  , 5F      , SH        , Tanah Abang Blok A dan Kampung Melayu        , Kampung Melayu - Tanah Abang Blok A - Kampung Melayu                ,            0,         , 5F-L02_shp  ,                      , 
7A-L01  , 7A      , SH        , Lebak Bulus dan Kampung Rambutan             , Kampung Rambutan - Lebak Bulus - Kampung Rambutan                   ,            0,         , 7A-L01_shp  ,                      , 
7A-R01  , 7A      , SH        , Lebak Bulus                                  , Kampung Rambutan - Lebak Bulus                                      ,            0,         , 7A-R01_shp  ,                      , 
7A-R02  , 7A      , SH        , Kampung Rambutan                             , Lebak Bulus - Kampung Rambutan                                      ,            1,         , 7A-R02_shp  ,                      , 
D31-L03 , D31     , HK        , Kuningan dan Cinere                          , Cinere - Kuningan - Cinere                                          ,            0,         , D31-L03_shp ,                      , 
1T-R03  , 1T      , HK        , Balai Kota                                   , Cibubur - Balai Kota                                                ,            0,         , 1T-R03_shp  ,                      , 
11R-L01 , 11R     , SH        , Penggilingan dan Rusun Cakung KM 2           , Rusun Cakung KM 2 - Penggilingan - Rusun Cakung KM 2                ,            0,         , 21dc        ,                      , 
5C-L08  , 5C      , SH        , Monas dan Cililitan via Gambir               , Cililitan - Monas - Cililitan via Gambir (Demo Balkot)              ,            0,         , 38ji        ,                      , 
5C-L07  , 5C      , SH        , Juanda dan Cililitan                         , Cililitan - Juanda - Cililitan                                      ,            0,         , 5C-L07_shp  ,                      , 
5C-L06  , 5C      , SH        , Pecenongan dan Cililitan                     , Cililitan - Pecenongan - Cililitan (Demo)                           ,            0,         , 5C-L06_shp  ,                      , 
3F-L01  , 3F      , SH        , Senayan Bank Jakarta dan Kalideres           , Kalideres - Senayan Bank Jakarta - Kalideres                        ,            0,         , 3F-L01_shp  ,                      , 
10B-R01 , 10B     , SH        , Halim                                        , Rusun Cipinang Besar Selatan - Halim                                ,            0,         , 10B-R01_shp ,                      , 
4F-R04  , 4F      , SH        , Pinang Ranti                                 , Pulo Gadung - Pinang Ranti                                          ,            1,         , 4F-R04_shp  ,                      , 
10B-L01 , 10B     , SH        , Halim dan Rusun Cipinang Besar Selatan       , Rusun Cipinang Besar Selatan - Halim - Rusun Cipinang Besar Selatan ,            0,         , 10B-L01_shp ,                      , 
10B-R02 , 10B     , SH        , Rusun Cipinang Besar Selatan                 , Halim - Rusun Cipinang Besar Selatan                                ,            1,         , 10B-R02_shp ,                      , 
L13E-R03, L13E    , HK        , Flyover Kuningan (Express)                   , Puri Beta - Flyover Kuningan (Express)                              ,            0,         , L13E-R03_shp,                      , 
L13E-R11, L13E    , HK        , Puri Beta (Express)                          , Flyover Kuningan - Puri Beta (Express)                              ,            1,         , twyi        ,                      , 
D21-R02 , D21     , SH        , Universitas Indonesia                        , Lebak Bulus - Universitas Indonesia                                 ,            1,         , D21-R02_shp ,                      , 
D21-L01 , D21     , SH        , Lebak Bulus dan Universitas Indonesia        , Universitas Indonesia - Lebak Bulus - Universitas Indonesia         ,            0,         , D21-L01_shp ,                      , 
13E-L01 , 13E     , HL        , Flyover Kuningan dan Puri Beta               , Puri Beta - Flyover Kuningan - Puri Beta                            ,            0,         , nx2z        ,                      , 
13E-R03 , 13E     , HL        , Flyover Kuningan                             , Puri Beta - Flyover Kuningan                                        ,            0,         , 0q93        ,                      , 
13E-R04 , 13E     , HL        , Puri Beta                                    , Flyover Kuningan - Puri Beta                                        ,            1,         , 9jxg        ,                      , 
13B-L01 , 13B     , SH        , Pancoran dan Puri Beta                       , Puri Beta - Pancoran - Puri Beta                                    ,            0,         , z8n1        ,                      , 
6M-R05  , 6M      , SH        , Blok M                                       , Stasiun Manggarai - Blok M                                          ,            0,         , mlyd        ,                      , 
13B-R02 , 13B     , SH        , Puri Beta                                    , Pancoran - Puri Beta                                                ,            1,         , krj6        ,                      , 
3E-R07  , 3E      , SH        , Puri Kembangan                               , Sentraland Cengkareng - Puri Kembangan                              ,            0,         , 3E-R07_shp  ,                      , 
3E-R06  , 3E      , SH        , Sentraland Cengkareng                        , Puri Kembangan - Sentraland Cengkareng                              ,            1,         , 3E-R06_shp  ,                      , 
D11-R12 , D11     , SH        , Cawang Sentral                               , Depok - Cawang Sentral                                              ,            0,         , 5wtd        ,                      , 
S12-R06 , S12     , HK        , Term. BSD                                    , Fatmawati - Term. BSD                                               ,            1,         , S12-R06_shp ,                      , 
2-R05   , 2       , SH        , Monas via Veteran                            , Pulo Gadung - Monas via Veteran                                     ,            0,         , 2-R05_shp   ,                      , 
13-L01  , 13      , SH        , Tegal Mampang dan Ciledug                    , Ciledug - Tegal Mampang - Ciledug                                   ,            0,         , 13-L01_shp  ,                      , 
13-L02  , 13      , SH        , Tegal Mampang dan Puri Beta                  , Puri Beta - Tegal Mampang - Puri Beta                               ,            0,         , 13-L02_shp  ,                      , 
S12-R05 , S12     , HK        , Fatmawati                                    , Term. BSD - Fatmawati                                               ,            0,         , S12-R05_shp ,                      , 
13-L03  , 13      , SH        , Rawa Barat dan Puri Beta                     , Puri Beta - Rawa Barat - Puri Beta                                  ,            0,         , 13-L03_shp  ,                      , 
13-L05  , 13      , SH        , JORR dan Tendean                             , Tendean - JORR - Tendean                                            ,            0,         , 13-L05_shp  ,                      , 
13-P02  , 13      , SH        , Puri Beta                                    , Tegal Mampang - Puri Beta                                           ,            1,         , 2yt9        ,                      , 
13-R01  , 13      , SH        , Tegal Mampang                                , Ciledug - Tegal Mampang                                             ,            0,         , 13-R01_shp  ,                      , 
13-P05  , 13      , SH        , Rawa Barat                                   , Puri Beta - Rawa Barat                                              ,            0,         , bznt        ,                      , 
13-R02  , 13      , SH        , Ciledug                                      , Tegal Mampang - Ciledug                                             ,            1,         , 13-R02_shp  ,                      , 
13-L10  , 13      , SH        , CSW dan CBD Ciledug                          , CBD Ciledug - CSW - CBD Ciledug                                     ,            0,         , 5k83        ,                      , 
L13E-L07, L13E    , HK        , Flyover Kuningan dan Puri Beta (Express)     , Puri Beta - Flyover Kuningan - Puri Beta (Express)                  ,            0,         , vnvx        ,                      , 
L13E-L08, L13E    , HK        , CSW dan Puri Beta                            , Puri Beta - CSW - Puri Beta                                         ,            0,         , 51fm        ,                      , 
1W-R01  , 1W      , SH        , Blok M                                       , Ancol - Blok M                                                      ,            0,         , 87sp        ,                      , 
1W-R02  , 1W      , SH        , Ancol                                        , Blok M - Ancol                                                      ,            1,         , 7uvh        ,                      , 
11P-R02 , 11P     , SH        , Rusun Pondok Bambu                           , Walikota Jakarta Timur - Rusun Pondok Bambu                         ,            1,         , 11P-R02_shp ,                      , 
11P-R01 , 11P     , SH        , Walikota Jakarta Timur                       , Rusun Pondok Bambu - Walikota Jakarta Timur                         ,            0,         , 11P-R01_shp ,                      , 
4-R21   , 4       , SH        , Pulo Gadung                                  , Galunggung - Pulo Gadung                                            ,            1,         , flki        ,                      , 
SH1-L02 , SH1     , SH        , Perkantoran Soetta dan Kalideres             , Kalideres - Perkantoran Soetta - Kalideres                          ,            0,         , bdkb        ,                      , 
SH1-R04 , SH1     , SH        , Kalideres                                    , Perkantoran Soekarno-Hatta - Kalideres                              ,            1,         , 0wbs        ,                      , 
4-R20   , 4       , SH        , Galunggung                                   , Pulo Gadung - Galunggung                                            ,            0,         , 4lln        ,                      , 
7Q-R03  , 7Q      , SH        , Cawang Cililitan                             , Blok M - Cawang Cililitan                                           ,            0,         , uk6e        ,                      , 
S61-L01 , S61     , HM        , Gerbang Pemuda dan Alam Sutera               , Alam Sutera - Gerbang Pemuda - Alam Sutera                          ,            0,         , 0tcv        ,                      , 
1W-L01  , 1W      , HM        , Gerbang Pemuda dan Ancol                     , Ancol - Gerbang Pemuda - Ancol                                      ,            0,         , h203        ,                      , 
7C-L01  , 7C      , SH        , Cawang Cililitan dan Cibubur                 , Cibubur - Cawang Cililitan - Cibubur                                ,            0,         , 7C-L01_shp  ,                      , 
6V-L03  , 6V      , SH        , Kejaksaan Agung dan Ragunan                  , Ragunan - Kejaksaan Agung - Ragunan                                 ,            0,         , f6od        ,                      , 
7P-L03  , 7P      , SH        , Cawang Cililitan dan Pondok Kelapa           , Pondok Kelapa - Cawang Cililitan - Pondok Kelapa                    ,            0,         , 9z1s        ,                      , 
6T-R04  , 6T      , SH        , Pasar Minggu via Jeruk Purut                 , Velbak - Pasar Minggu via Jeruk Purut                               ,            1,         , 6T-R04_shp  ,                      , 
6T-R03  , 6T      , SH        , Velbak via Jeruk Purut                       , Pasar Minggu - Velbak via Jeruk Purut                               ,            0,         , 6T-R03_shp  ,                      , 
7B-P08  , 7B      , HK        , Kalibata                                     , Blok M - Kalibata                                                   ,            0,         , bhcu        ,                      , 
7B-P07  , 7B      , HK        , Blok M                                       , Kalibata - Blok M                                                   ,            0,         , 099g        ,                      , 
D11-L09 , D11     , HM        , Cawang Sentral 1 Polypaint dan Term. Depok   , STIAMI - Cawang Sentral 1 Polypaint - Term. Depok                   ,            0,         , 2x5a        ,                      , 
10H-R07 , 10H     , SH        , Bundaran Senayan                             , Tanjung Priok - Bundaran Senayan                                    ,            0,         , 10H-R07_shp ,                      , 
7P-R02  , 7P      , SH        , Pondok Kelapa                                , Cawang Cililitan - Pondok Kelapa                                    ,            1,         , 7P-R02_shp  ,                      , 
S22-P01 , S22     , SH        , Lebak Bulus                                  , Ciputat - Lebak Bulus                                               ,            0,         , 1j2e        ,                      , 
S22-P02 , S22     , SH        , Ciputat                                      , Lebak Bulus - Ciputat                                               ,            1,         , q2gr        ,                      , 
